2026-09-21 00:32:35.932 +03:00 [INF] [1] Hangfire.PostgreSql.PostgreSqlStorage: Start installing Hangfire SQL objects...
2026-09-21 00:32:46.444 +03:00 [INF] [1] Hangfire.PostgreSql.PostgreSqlStorage: Hangfire SQL objects installed.
2026-09-21 00:32:56.374 +03:00 [INF] [1] MassTransit: Configured endpoint raw-post-processing, Consumer: JobRadar.Infrastructure.Consumers.RawPostProcessingConsumer
2026-09-21 00:37:17.348 +03:00 [INF] [1] Hangfire.PostgreSql.PostgreSqlStorage: Start installing Hangfire SQL objects...
2026-09-21 00:37:20.234 +03:00 [INF] [1] Hangfire.PostgreSql.PostgreSqlStorage: Hangfire SQL objects installed.
2026-09-21 00:37:23.672 +03:00 [INF] [1] MassTransit: Configured endpoint raw-post-processing, Consumer: JobRadar.Infrastructure.Consumers.RawPostProcessingConsumer
2026-09-21 00:37:24.243 +03:00 [INF] [1] JobRadar.Infrastructure.BackgroundServices.EmbeddingBatchProcessor: EmbeddingBatchProcessor started.
2026-09-21 00:37:24.316 +03:00 [INF] [1] Hangfire.BackgroundJobServer: Starting Hangfire Server using job storage: 'PostgreSQL Server: Host: aws-1-eu-west-1.pooler.supabase.com, DB: postgres, Schema: hangfire'
2026-09-21 00:37:24.316 +03:00 [INF] [1] Hangfire.BackgroundJobServer: Using the following options for PostgreSQL job storage:
2026-09-21 00:37:24.317 +03:00 [INF] [1] Hangfire.BackgroundJobServer:     Queue poll interval: 00:00:15.
2026-09-21 00:37:24.317 +03:00 [INF] [1] Hangfire.BackgroundJobServer:     Invisibility timeout: 00:30:00.
2026-09-21 00:37:24.317 +03:00 [INF] [1] Hangfire.BackgroundJobServer:     Use sliding invisibility timeout: False.
2026-09-21 00:37:24.318 +03:00 [INF] [1] Hangfire.BackgroundJobServer: Using the following options for Hangfire Server:
    Worker count: 8
    Listening queues: 'default', 'ingestion', 'cleanup'
    Shutdown timeout: 00:00:15
    Schedule polling interval: 00:00:15
2026-09-21 00:37:24.819 +03:00 [INF] [12] Hangfire.Server.BackgroundServerProcess: Server desktop-n5dbcbk:13592:5f996b11 successfully announced in 340.4169 ms
2026-09-21 00:37:25.169 +03:00 [INF] [12] Hangfire.Server.BackgroundServerProcess: Server desktop-n5dbcbk:13592:5f996b11 is starting the registered dispatchers: ServerWatchdog, ServerJobCancellationWatcher, ExpirationManager, CountersAggregator, Worker, DelayedJobScheduler, RecurringJobScheduler...
2026-09-21 00:37:25.467 +03:00 [INF] [12] Hangfire.Server.BackgroundServerProcess: Server desktop-n5dbcbk:13592:5f996b11 all the dispatchers started
2026-09-21 00:37:29.139 +03:00 [WRN] [9] MassTransit: Connection Failed: "rabbitmq://localhost/"
RabbitMQ.Client.Exceptions.BrokerUnreachableException: None of the specified endpoints were reachable
 ---> System.AggregateException: One or more errors occurred. (Connection failed, host 127.0.0.1:5672)
 ---> RabbitMQ.Client.Exceptions.ConnectFailureException: Connection failed, host 127.0.0.1:5672
 ---> System.Net.Sockets.SocketException (10061): No connection could be made because the target machine actively refused it.
   at System.Net.Sockets.Socket.AwaitableSocketAsyncEventArgs.ThrowException(SocketError error, CancellationToken cancellationToken)
   at System.Net.Sockets.Socket.AwaitableSocketAsyncEventArgs.System.Threading.Tasks.Sources.IValueTaskSource.GetResult(Int16 token)
   at System.Net.Sockets.Socket.<ConnectAsync>g__WaitForConnectWithCancellation|285_0(AwaitableSocketAsyncEventArgs saea, ValueTask connectTask, CancellationToken cancellationToken)
   at RabbitMQ.Client.Impl.SocketFactory.ConnectUsingAddressFamilyAsync(IPEndPoint endpoint, Func`2 socketFactory, AddressFamily family, TimeSpan connectionTimeout, CancellationToken cancellationToken)
   --- End of inner exception stack trace ---
   at RabbitMQ.Client.Impl.SocketFactory.ConnectUsingAddressFamilyAsync(IPEndPoint endpoint, Func`2 socketFactory, AddressFamily family, TimeSpan connectionTimeout, CancellationToken cancellationToken)
   at RabbitMQ.Client.Impl.SocketFactory.OpenAsync(AmqpTcpEndpoint amqpTcpEndpoint, Func`2 socketFactory, TimeSpan connectionTimeout, CancellationToken cancellationToken)
   at RabbitMQ.Client.Impl.SocketFrameHandler.CreateAsync(AmqpTcpEndpoint amqpTcpEndpoint, Func`2 socketFactory, TimeSpan connectionTimeout, CancellationToken cancellationToken)
   at RabbitMQ.Client.ConnectionFactory.CreateFrameHandlerAsync(AmqpTcpEndpoint endpoint, CancellationToken cancellationToken)
   at RabbitMQ.Client.EndpointResolverExtensions.SelectOneAsync[T](IEndpointResolver resolver, Func`3 selector, CancellationToken cancellationToken)
   --- End of inner exception stack trace ---
   at RabbitMQ.Client.EndpointResolverExtensions.SelectOneAsync[T](IEndpointResolver resolver, Func`3 selector, CancellationToken cancellationToken)
   at RabbitMQ.Client.ConnectionFactory.CreateConnectionAsync(IEndpointResolver endpointResolver, String clientProvidedName, CancellationToken cancellationToken)
   --- End of inner exception stack trace ---
   at RabbitMQ.Client.ConnectionFactory.CreateConnectionAsync(IEndpointResolver endpointResolver, String clientProvidedName, CancellationToken cancellationToken)
   at MassTransit.RabbitMqTransport.ConnectionContextFactory.CreateConnection(ISupervisor supervisor) in /_/src/Transports/MassTransit.RabbitMqTransport/RabbitMqTransport/ConnectionContextFactory.cs:line 101
2026-09-21 00:37:30.360 +03:00 [INF] [6] MassTransit: Retrying "00:00:06.0930000": Broker unreachable: guest@localhost:5672/
MassTransit.RabbitMqConnectionException: Broker unreachable: guest@localhost:5672/
 ---> RabbitMQ.Client.Exceptions.BrokerUnreachableException: None of the specified endpoints were reachable
 ---> System.AggregateException: One or more errors occurred. (Connection failed, host 127.0.0.1:5672)
 ---> RabbitMQ.Client.Exceptions.ConnectFailureException: Connection failed, host 127.0.0.1:5672
 ---> System.Net.Sockets.SocketException (10061): No connection could be made because the target machine actively refused it.
   at System.Net.Sockets.Socket.AwaitableSocketAsyncEventArgs.ThrowException(SocketError error, CancellationToken cancellationToken)
   at System.Net.Sockets.Socket.AwaitableSocketAsyncEventArgs.System.Threading.Tasks.Sources.IValueTaskSource.GetResult(Int16 token)
   at System.Net.Sockets.Socket.<ConnectAsync>g__WaitForConnectWithCancellation|285_0(AwaitableSocketAsyncEventArgs saea, ValueTask connectTask, CancellationToken cancellationToken)
   at RabbitMQ.Client.Impl.SocketFactory.ConnectUsingAddressFamilyAsync(IPEndPoint endpoint, Func`2 socketFactory, AddressFamily family, TimeSpan connectionTimeout, CancellationToken cancellationToken)
   --- End of inner exception stack trace ---
   at RabbitMQ.Client.Impl.SocketFactory.ConnectUsingAddressFamilyAsync(IPEndPoint endpoint, Func`2 socketFactory, AddressFamily family, TimeSpan connectionTimeout, CancellationToken cancellationToken)
   at RabbitMQ.Client.Impl.SocketFactory.OpenAsync(AmqpTcpEndpoint amqpTcpEndpoint, Func`2 socketFactory, TimeSpan connectionTimeout, CancellationToken cancellationToken)
   at RabbitMQ.Client.Impl.SocketFrameHandler.CreateAsync(AmqpTcpEndpoint amqpTcpEndpoint, Func`2 socketFactory, TimeSpan connectionTimeout, CancellationToken cancellationToken)
   at RabbitMQ.Client.ConnectionFactory.CreateFrameHandlerAsync(AmqpTcpEndpoint endpoint, CancellationToken cancellationToken)
   at RabbitMQ.Client.EndpointResolverExtensions.SelectOneAsync[T](IEndpointResolver resolver, Func`3 selector, CancellationToken cancellationToken)
   --- End of inner exception stack trace ---
   at RabbitMQ.Client.EndpointResolverExtensions.SelectOneAsync[T](IEndpointResolver resolver, Func`3 selector, CancellationToken cancellationToken)
   at RabbitMQ.Client.ConnectionFactory.CreateConnectionAsync(IEndpointResolver endpointResolver, String clientProvidedName, CancellationToken cancellationToken)
   --- End of inner exception stack trace ---
   at RabbitMQ.Client.ConnectionFactory.CreateConnectionAsync(IEndpointResolver endpointResolver, String clientProvidedName, CancellationToken cancellationToken)
   at MassTransit.RabbitMqTransport.ConnectionContextFactory.CreateConnection(ISupervisor supervisor) in /_/src/Transports/MassTransit.RabbitMqTransport/RabbitMqTransport/ConnectionContextFactory.cs:line 101
   --- End of inner exception stack trace ---
   at MassTransit.RabbitMqTransport.ConnectionContextFactory.CreateConnection(ISupervisor supervisor) in /_/src/Transports/MassTransit.RabbitMqTransport/RabbitMqTransport/ConnectionContextFactory.cs:line 128
   at MassTransit.Internals.TaskExtensions.<>c__DisplayClass2_0`1.<<OrCanceled>g__WaitAsync|0>d.MoveNext()
--- End of stack trace from previous location ---
   at MassTransit.Internals.TaskExtensions.<>c__DisplayClass2_0`1.<<OrCanceled>g__WaitAsync|0>d.MoveNext() in /_/src/MassTransit.Abstractions/Internals/Extensions/TaskExtensions.cs:line 72
--- End of stack trace from previous location ---
   at MassTransit.RabbitMqTransport.ConnectionContextFactory.CreateSharedConnection(Task`1 context, CancellationToken cancellationToken) in /_/src/Transports/MassTransit.RabbitMqTransport/RabbitMqTransport/ConnectionContextFactory.cs:line 73
   at MassTransit.Agents.PipeContextSupervisor`1.Send(IPipe`1 pipe, CancellationToken cancellationToken) in /_/src/MassTransit/Agents/PipeContextSupervisor.cs:line 51
   at MassTransit.Agents.PipeContextSupervisor`1.Send(IPipe`1 pipe, CancellationToken cancellationToken) in /_/src/MassTransit/Agents/PipeContextSupervisor.cs:line 61
   at MassTransit.Agents.PipeContextSupervisor`1.Send(IPipe`1 pipe, CancellationToken cancellationToken) in /_/src/MassTransit/Agents/PipeContextSupervisor.cs:line 67
   at MassTransit.SupervisorExtensions.<>c__DisplayClass5_0`2.<<CreateAgent>g__HandleSupervisorTask|0>d.MoveNext() in /_/src/MassTransit/SupervisorExtensions.cs:line 139
--- End of stack trace from previous location ---
   at MassTransit.SupervisorExtensions.CreateAgent[T,TAgent](ISupervisor`1 supervisor, IAsyncPipeContextAgent`1 asyncContext, Func`3 agentFactory, CancellationToken cancellationToken) in /_/src/MassTransit/SupervisorExtensions.cs:line 158
   at MassTransit.Agents.PipeContextSupervisor`1.Send(IPipe`1 pipe, CancellationToken cancellationToken) in /_/src/MassTransit/Agents/PipeContextSupervisor.cs:line 61
   at MassTransit.Agents.PipeContextSupervisor`1.Send(IPipe`1 pipe, CancellationToken cancellationToken) in /_/src/MassTransit/Agents/PipeContextSupervisor.cs:line 67
   at MassTransit.Transports.TransportStartExtensions.OnTransportStartup[T](ReceiveEndpointContext context, ITransportSupervisor`1 supervisor, CancellationToken cancellationToken) in /_/src/MassTransit/Transports/TransportStartExtensions.cs:line 19
   at MassTransit.Agents.PipeContextSupervisor`1.Send(IPipe`1 pipe, CancellationToken cancellationToken) in /_/src/MassTransit/Agents/PipeContextSupervisor.cs:line 67
   at MassTransit.SupervisorExtensions.<>c__DisplayClass5_0`2.<<CreateAgent>g__HandleSupervisorTask|0>d.MoveNext() in /_/src/MassTransit/SupervisorExtensions.cs:line 139
--- End of stack trace from previous location ---
   at MassTransit.Internals.TaskExtensions.<>c__DisplayClass2_0`1.<<OrCanceled>g__WaitAsync|0>d.MoveNext()
--- End of stack trace from previous location ---
   at MassTransit.Internals.TaskExtensions.<>c__DisplayClass2_0`1.<<OrCanceled>g__WaitAsync|0>d.MoveNext() in /_/src/MassTransit.Abstractions/Internals/Extensions/TaskExtensions.cs:line 72
--- End of stack trace from previous location ---
   at MassTransit.RabbitMqTransport.ChannelContextFactory.CreateSharedChannel(Task`1 context, CancellationToken cancellationToken) in /_/src/Transports/MassTransit.RabbitMqTransport/RabbitMqTransport/ChannelContextFactory.cs:line 76
   at MassTransit.Agents.PipeContextSupervisor`1.Send(IPipe`1 pipe, CancellationToken cancellationToken) in /_/src/MassTransit/Agents/PipeContextSupervisor.cs:line 51
   at MassTransit.Agents.PipeContextSupervisor`1.Send(IPipe`1 pipe, CancellationToken cancellationToken) in /_/src/MassTransit/Agents/PipeContextSupervisor.cs:line 61
   at MassTransit.Agents.PipeContextSupervisor`1.Send(IPipe`1 pipe, CancellationToken cancellationToken) in /_/src/MassTransit/Agents/PipeContextSupervisor.cs:line 67
   at MassTransit.Transports.ReceiveTransport`1.ReceiveTransportAgent.RunTransport() in /_/src/MassTransit/Transports/ReceiveTransport.cs:line 205
   at MassTransit.Transports.ReceiveTransport`1.ReceiveTransportAgent.RunTransport() in /_/src/MassTransit/Transports/ReceiveTransport.cs:line 210
   at MassTransit.Transports.ReceiveTransport`1.ReceiveTransportAgent.RunTransport() in /_/src/MassTransit/Transports/ReceiveTransport.cs:line 210
   at MassTransit.Transports.ReceiveTransport`1.ReceiveTransportAgent.Run() in /_/src/MassTransit/Transports/ReceiveTransport.cs:line 145
   at MassTransit.Transports.ReceiveTransport`1.ReceiveTransportAgent.Run() in /_/src/MassTransit/Transports/ReceiveTransport.cs:line 145
2026-09-21 00:37:30.361 +03:00 [INF] [9] MassTransit: Retrying "00:00:06.0930000": Broker unreachable: guest@localhost:5672/
MassTransit.RabbitMqConnectionException: Broker unreachable: guest@localhost:5672/
 ---> RabbitMQ.Client.Exceptions.BrokerUnreachableException: None of the specified endpoints were reachable
 ---> System.AggregateException: One or more errors occurred. (Connection failed, host 127.0.0.1:5672)
 ---> RabbitMQ.Client.Exceptions.ConnectFailureException: Connection failed, host 127.0.0.1:5672
 ---> System.Net.Sockets.SocketException (10061): No connection could be made because the target machine actively refused it.
   at System.Net.Sockets.Socket.AwaitableSocketAsyncEventArgs.ThrowException(SocketError error, CancellationToken cancellationToken)
   at System.Net.Sockets.Socket.AwaitableSocketAsyncEventArgs.System.Threading.Tasks.Sources.IValueTaskSource.GetResult(Int16 token)
   at System.Net.Sockets.Socket.<ConnectAsync>g__WaitForConnectWithCancellation|285_0(AwaitableSocketAsyncEventArgs saea, ValueTask connectTask, CancellationToken cancellationToken)
   at RabbitMQ.Client.Impl.SocketFactory.ConnectUsingAddressFamilyAsync(IPEndPoint endpoint, Func`2 socketFactory, AddressFamily family, TimeSpan connectionTimeout, CancellationToken cancellationToken)
   --- End of inner exception stack trace ---
   at RabbitMQ.Client.Impl.SocketFactory.ConnectUsingAddressFamilyAsync(IPEndPoint endpoint, Func`2 socketFactory, AddressFamily family, TimeSpan connectionTimeout, CancellationToken cancellationToken)
   at RabbitMQ.Client.Impl.SocketFactory.OpenAsync(AmqpTcpEndpoint amqpTcpEndpoint, Func`2 socketFactory, TimeSpan connectionTimeout, CancellationToken cancellationToken)
   at RabbitMQ.Client.Impl.SocketFrameHandler.CreateAsync(AmqpTcpEndpoint amqpTcpEndpoint, Func`2 socketFactory, TimeSpan connectionTimeout, CancellationToken cancellationToken)
   at RabbitMQ.Client.ConnectionFactory.CreateFrameHandlerAsync(AmqpTcpEndpoint endpoint, CancellationToken cancellationToken)
   at RabbitMQ.Client.EndpointResolverExtensions.SelectOneAsync[T](IEndpointResolver resolver, Func`3 selector, CancellationToken cancellationToken)
   --- End of inner exception stack trace ---
   at RabbitMQ.Client.EndpointResolverExtensions.SelectOneAsync[T](IEndpointResolver resolver, Func`3 selector, CancellationToken cancellationToken)
   at RabbitMQ.Client.ConnectionFactory.CreateConnectionAsync(IEndpointResolver endpointResolver, String clientProvidedName, CancellationToken cancellationToken)
   --- End of inner exception stack trace ---
   at RabbitMQ.Client.ConnectionFactory.CreateConnectionAsync(IEndpointResolver endpointResolver, String clientProvidedName, CancellationToken cancellationToken)
   at MassTransit.RabbitMqTransport.ConnectionContextFactory.CreateConnection(ISupervisor supervisor) in /_/src/Transports/MassTransit.RabbitMqTransport/RabbitMqTransport/ConnectionContextFactory.cs:line 101
   --- End of inner exception stack trace ---
   at MassTransit.RabbitMqTransport.ConnectionContextFactory.CreateConnection(ISupervisor supervisor) in /_/src/Transports/MassTransit.RabbitMqTransport/RabbitMqTransport/ConnectionContextFactory.cs:line 128
   at MassTransit.Internals.TaskExtensions.<>c__DisplayClass2_0`1.<<OrCanceled>g__WaitAsync|0>d.MoveNext()
--- End of stack trace from previous location ---
   at MassTransit.Internals.TaskExtensions.<>c__DisplayClass2_0`1.<<OrCanceled>g__WaitAsync|0>d.MoveNext() in /_/src/MassTransit.Abstractions/Internals/Extensions/TaskExtensions.cs:line 72
--- End of stack trace from previous location ---
   at MassTransit.RabbitMqTransport.ConnectionContextFactory.CreateSharedConnection(Task`1 context, CancellationToken cancellationToken) in /_/src/Transports/MassTransit.RabbitMqTransport/RabbitMqTransport/ConnectionContextFactory.cs:line 73
   at MassTransit.Agents.PipeContextSupervisor`1.Send(IPipe`1 pipe, CancellationToken cancellationToken) in /_/src/MassTransit/Agents/PipeContextSupervisor.cs:line 51
   at MassTransit.Agents.PipeContextSupervisor`1.Send(IPipe`1 pipe, CancellationToken cancellationToken) in /_/src/MassTransit/Agents/PipeContextSupervisor.cs:line 61
   at MassTransit.Agents.PipeContextSupervisor`1.Send(IPipe`1 pipe, CancellationToken cancellationToken) in /_/src/MassTransit/Agents/PipeContextSupervisor.cs:line 67
   at MassTransit.SupervisorExtensions.<>c__DisplayClass5_0`2.<<CreateAgent>g__HandleSupervisorTask|0>d.MoveNext() in /_/src/MassTransit/SupervisorExtensions.cs:line 139
--- End of stack trace from previous location ---
   at MassTransit.SupervisorExtensions.CreateAgent[T,TAgent](ISupervisor`1 supervisor, IAsyncPipeContextAgent`1 asyncContext, Func`3 agentFactory, CancellationToken cancellationToken) in /_/src/MassTransit/SupervisorExtensions.cs:line 158
   at MassTransit.Agents.PipeContextSupervisor`1.Send(IPipe`1 pipe, CancellationToken cancellationToken) in /_/src/MassTransit/Agents/PipeContextSupervisor.cs:line 61
   at MassTransit.Agents.PipeContextSupervisor`1.Send(IPipe`1 pipe, CancellationToken cancellationToken) in /_/src/MassTransit/Agents/PipeContextSupervisor.cs:line 67
   at MassTransit.Transports.TransportStartExtensions.OnTransportStartup[T](ReceiveEndpointContext context, ITransportSupervisor`1 supervisor, CancellationToken cancellationToken) in /_/src/MassTransit/Transports/TransportStartExtensions.cs:line 19
   at MassTransit.Agents.PipeContextSupervisor`1.Send(IPipe`1 pipe, CancellationToken cancellationToken) in /_/src/MassTransit/Agents/PipeContextSupervisor.cs:line 67
   at MassTransit.SupervisorExtensions.<>c__DisplayClass5_0`2.<<CreateAgent>g__HandleSupervisorTask|0>d.MoveNext() in /_/src/MassTransit/SupervisorExtensions.cs:line 139
--- End of stack trace from previous location ---
   at MassTransit.Internals.TaskExtensions.<>c__DisplayClass2_0`1.<<OrCanceled>g__WaitAsync|0>d.MoveNext()
--- End of stack trace from previous location ---
   at MassTransit.Internals.TaskExtensions.<>c__DisplayClass2_0`1.<<OrCanceled>g__WaitAsync|0>d.MoveNext() in /_/src/MassTransit.Abstractions/Internals/Extensions/TaskExtensions.cs:line 72
--- End of stack trace from previous location ---
   at MassTransit.RabbitMqTransport.ChannelContextFactory.CreateSharedChannel(Task`1 context, CancellationToken cancellationToken) in /_/src/Transports/MassTransit.RabbitMqTransport/RabbitMqTransport/ChannelContextFactory.cs:line 76
   at MassTransit.Agents.PipeContextSupervisor`1.Send(IPipe`1 pipe, CancellationToken cancellationToken) in /_/src/MassTransit/Agents/PipeContextSupervisor.cs:line 51
   at MassTransit.Agents.PipeContextSupervisor`1.Send(IPipe`1 pipe, CancellationToken cancellationToken) in /_/src/MassTransit/Agents/PipeContextSupervisor.cs:line 61
   at MassTransit.Agents.PipeContextSupervisor`1.Send(IPipe`1 pipe, CancellationToken cancellationToken) in /_/src/MassTransit/Agents/PipeContextSupervisor.cs:line 67
   at MassTransit.Transports.ReceiveTransport`1.ReceiveTransportAgent.RunTransport() in /_/src/MassTransit/Transports/ReceiveTransport.cs:line 205
   at MassTransit.Transports.ReceiveTransport`1.ReceiveTransportAgent.RunTransport() in /_/src/MassTransit/Transports/ReceiveTransport.cs:line 210
   at MassTransit.Transports.ReceiveTransport`1.ReceiveTransportAgent.RunTransport() in /_/src/MassTransit/Transports/ReceiveTransport.cs:line 210
   at MassTransit.Transports.ReceiveTransport`1.ReceiveTransportAgent.Run() in /_/src/MassTransit/Transports/ReceiveTransport.cs:line 145
   at MassTransit.Transports.ReceiveTransport`1.ReceiveTransportAgent.Run() in /_/src/MassTransit/Transports/ReceiveTransport.cs:line 145
2026-09-21 00:37:34.668 +03:00 [INF] [9] JobRadar.Workers.Ingestion.IngestionDispatcherJob: Running IngestionDispatcherJob...
2026-09-21 00:37:40.740 +03:00 [WRN] [8] MassTransit: Connection Failed: "rabbitmq://localhost/"
RabbitMQ.Client.Exceptions.BrokerUnreachableException: None of the specified endpoints were reachable
 ---> System.AggregateException: One or more errors occurred. (Connection failed, host 127.0.0.1:5672)
 ---> RabbitMQ.Client.Exceptions.ConnectFailureException: Connection failed, host 127.0.0.1:5672
 ---> System.Net.Sockets.SocketException (10061): No connection could be made because the target machine actively refused it.
   at System.Net.Sockets.Socket.AwaitableSocketAsyncEventArgs.ThrowException(SocketError error, CancellationToken cancellationToken)
   at System.Net.Sockets.Socket.AwaitableSocketAsyncEventArgs.System.Threading.Tasks.Sources.IValueTaskSource.GetResult(Int16 token)
   at System.Net.Sockets.Socket.<ConnectAsync>g__WaitForConnectWithCancellation|285_0(AwaitableSocketAsyncEventArgs saea, ValueTask connectTask, CancellationToken cancellationToken)
   at RabbitMQ.Client.Impl.SocketFactory.ConnectUsingAddressFamilyAsync(IPEndPoint endpoint, Func`2 socketFactory, AddressFamily family, TimeSpan connectionTimeout, CancellationToken cancellationToken)
   --- End of inner exception stack trace ---
   at RabbitMQ.Client.Impl.SocketFactory.ConnectUsingAddressFamilyAsync(IPEndPoint endpoint, Func`2 socketFactory, AddressFamily family, TimeSpan connectionTimeout, CancellationToken cancellationToken)
   at RabbitMQ.Client.Impl.SocketFactory.OpenAsync(AmqpTcpEndpoint amqpTcpEndpoint, Func`2 socketFactory, TimeSpan connectionTimeout, CancellationToken cancellationToken)
   at RabbitMQ.Client.Impl.SocketFrameHandler.CreateAsync(AmqpTcpEndpoint amqpTcpEndpoint, Func`2 socketFactory, TimeSpan connectionTimeout, CancellationToken cancellationToken)
   at RabbitMQ.Client.ConnectionFactory.CreateFrameHandlerAsync(AmqpTcpEndpoint endpoint, CancellationToken cancellationToken)
   at RabbitMQ.Client.EndpointResolverExtensions.SelectOneAsync[T](IEndpointResolver resolver, Func`3 selector, CancellationToken cancellationToken)
   --- End of inner exception stack trace ---
   at RabbitMQ.Client.EndpointResolverExtensions.SelectOneAsync[T](IEndpointResolver resolver, Func`3 selector, CancellationToken cancellationToken)
   at RabbitMQ.Client.ConnectionFactory.CreateConnectionAsync(IEndpointResolver endpointResolver, String clientProvidedName, CancellationToken cancellationToken)
   --- End of inner exception stack trace ---
   at RabbitMQ.Client.ConnectionFactory.CreateConnectionAsync(IEndpointResolver endpointResolver, String clientProvidedName, CancellationToken cancellationToken)
   at MassTransit.RabbitMqTransport.ConnectionContextFactory.CreateConnection(ISupervisor supervisor) in /_/src/Transports/MassTransit.RabbitMqTransport/RabbitMqTransport/ConnectionContextFactory.cs:line 101
2026-09-21 00:37:41.759 +03:00 [INF] [8] MassTransit: Retrying "00:00:09.2120000": Broker unreachable: guest@localhost:5672/
MassTransit.RabbitMqConnectionException: Broker unreachable: guest@localhost:5672/
 ---> RabbitMQ.Client.Exceptions.BrokerUnreachableException: None of the specified endpoints were reachable
 ---> System.AggregateException: One or more errors occurred. (Connection failed, host 127.0.0.1:5672)
 ---> RabbitMQ.Client.Exceptions.ConnectFailureException: Connection failed, host 127.0.0.1:5672
 ---> System.Net.Sockets.SocketException (10061): No connection could be made because the target machine actively refused it.
   at System.Net.Sockets.Socket.AwaitableSocketAsyncEventArgs.ThrowException(SocketError error, CancellationToken cancellationToken)
   at System.Net.Sockets.Socket.AwaitableSocketAsyncEventArgs.System.Threading.Tasks.Sources.IValueTaskSource.GetResult(Int16 token)
   at System.Net.Sockets.Socket.<ConnectAsync>g__WaitForConnectWithCancellation|285_0(AwaitableSocketAsyncEventArgs saea, ValueTask connectTask, CancellationToken cancellationToken)
   at RabbitMQ.Client.Impl.SocketFactory.ConnectUsingAddressFamilyAsync(IPEndPoint endpoint, Func`2 socketFactory, AddressFamily family, TimeSpan connectionTimeout, CancellationToken cancellationToken)
   --- End of inner exception stack trace ---
   at RabbitMQ.Client.Impl.SocketFactory.ConnectUsingAddressFamilyAsync(IPEndPoint endpoint, Func`2 socketFactory, AddressFamily family, TimeSpan connectionTimeout, CancellationToken cancellationToken)
   at RabbitMQ.Client.Impl.SocketFactory.OpenAsync(AmqpTcpEndpoint amqpTcpEndpoint, Func`2 socketFactory, TimeSpan connectionTimeout, CancellationToken cancellationToken)
   at RabbitMQ.Client.Impl.SocketFrameHandler.CreateAsync(AmqpTcpEndpoint amqpTcpEndpoint, Func`2 socketFactory, TimeSpan connectionTimeout, CancellationToken cancellationToken)
   at RabbitMQ.Client.ConnectionFactory.CreateFrameHandlerAsync(AmqpTcpEndpoint endpoint, CancellationToken cancellationToken)
   at RabbitMQ.Client.EndpointResolverExtensions.SelectOneAsync[T](IEndpointResolver resolver, Func`3 selector, CancellationToken cancellationToken)
   --- End of inner exception stack trace ---
   at RabbitMQ.Client.EndpointResolverExtensions.SelectOneAsync[T](IEndpointResolver resolver, Func`3 selector, CancellationToken cancellationToken)
   at RabbitMQ.Client.ConnectionFactory.CreateConnectionAsync(IEndpointResolver endpointResolver, String clientProvidedName, CancellationToken cancellationToken)
   --- End of inner exception stack trace ---
   at RabbitMQ.Client.ConnectionFactory.CreateConnectionAsync(IEndpointResolver endpointResolver, String clientProvidedName, CancellationToken cancellationToken)
   at MassTransit.RabbitMqTransport.ConnectionContextFactory.CreateConnection(ISupervisor supervisor) in /_/src/Transports/MassTransit.RabbitMqTransport/RabbitMqTransport/ConnectionContextFactory.cs:line 101
   --- End of inner exception stack trace ---
   at MassTransit.RabbitMqTransport.ConnectionContextFactory.CreateConnection(ISupervisor supervisor) in /_/src/Transports/MassTransit.RabbitMqTransport/RabbitMqTransport/ConnectionContextFactory.cs:line 128
   at MassTransit.Internals.TaskExtensions.<>c__DisplayClass2_0`1.<<OrCanceled>g__WaitAsync|0>d.MoveNext()
--- End of stack trace from previous location ---
   at MassTransit.Internals.TaskExtensions.<>c__DisplayClass2_0`1.<<OrCanceled>g__WaitAsync|0>d.MoveNext() in /_/src/MassTransit.Abstractions/Internals/Extensions/TaskExtensions.cs:line 72
--- End of stack trace from previous location ---
   at MassTransit.RabbitMqTransport.ConnectionContextFactory.CreateSharedConnection(Task`1 context, CancellationToken cancellationToken) in /_/src/Transports/MassTransit.RabbitMqTransport/RabbitMqTransport/ConnectionContextFactory.cs:line 73
   at MassTransit.Agents.PipeContextSupervisor`1.Send(IPipe`1 pipe, CancellationToken cancellationToken) in /_/src/MassTransit/Agents/PipeContextSupervisor.cs:line 51
   at MassTransit.Agents.PipeContextSupervisor`1.Send(IPipe`1 pipe, CancellationToken cancellationToken) in /_/src/MassTransit/Agents/PipeContextSupervisor.cs:line 61
   at MassTransit.Agents.PipeContextSupervisor`1.Send(IPipe`1 pipe, CancellationToken cancellationToken) in /_/src/MassTransit/Agents/PipeContextSupervisor.cs:line 67
   at MassTransit.SupervisorExtensions.<>c__DisplayClass5_0`2.<<CreateAgent>g__HandleSupervisorTask|0>d.MoveNext() in /_/src/MassTransit/SupervisorExtensions.cs:line 139
--- End of stack trace from previous location ---
   at MassTransit.SupervisorExtensions.CreateAgent[T,TAgent](ISupervisor`1 supervisor, IAsyncPipeContextAgent`1 asyncContext, Func`3 agentFactory, CancellationToken cancellationToken) in /_/src/MassTransit/SupervisorExtensions.cs:line 158
   at MassTransit.Agents.PipeContextSupervisor`1.Send(IPipe`1 pipe, CancellationToken cancellationToken) in /_/src/MassTransit/Agents/PipeContextSupervisor.cs:line 61
   at MassTransit.Agents.PipeContextSupervisor`1.Send(IPipe`1 pipe, CancellationToken cancellationToken) in /_/src/MassTransit/Agents/PipeContextSupervisor.cs:line 67
   at MassTransit.Transports.TransportStartExtensions.OnTransportStartup[T](ReceiveEndpointContext context, ITransportSupervisor`1 supervisor, CancellationToken cancellationToken) in /_/src/MassTransit/Transports/TransportStartExtensions.cs:line 19
   at MassTransit.Agents.PipeContextSupervisor`1.Send(IPipe`1 pipe, CancellationToken cancellationToken) in /_/src/MassTransit/Agents/PipeContextSupervisor.cs:line 67
   at MassTransit.SupervisorExtensions.<>c__DisplayClass5_0`2.<<CreateAgent>g__HandleSupervisorTask|0>d.MoveNext() in /_/src/MassTransit/SupervisorExtensions.cs:line 139
--- End of stack trace from previous location ---
   at MassTransit.Internals.TaskExtensions.<>c__DisplayClass2_0`1.<<OrCanceled>g__WaitAsync|0>d.MoveNext()
--- End of stack trace from previous location ---
   at MassTransit.Internals.TaskExtensions.<>c__DisplayClass2_0`1.<<OrCanceled>g__WaitAsync|0>d.MoveNext() in /_/src/MassTransit.Abstractions/Internals/Extensions/TaskExtensions.cs:line 72
--- End of stack trace from previous location ---
   at MassTransit.RabbitMqTransport.ChannelContextFactory.CreateSharedChannel(Task`1 context, CancellationToken cancellationToken) in /_/src/Transports/MassTransit.RabbitMqTransport/RabbitMqTransport/ChannelContextFactory.cs:line 76
   at MassTransit.Agents.PipeContextSupervisor`1.Send(IPipe`1 pipe, CancellationToken cancellationToken) in /_/src/MassTransit/Agents/PipeContextSupervisor.cs:line 51
   at MassTransit.Agents.PipeContextSupervisor`1.Send(IPipe`1 pipe, CancellationToken cancellationToken) in /_/src/MassTransit/Agents/PipeContextSupervisor.cs:line 61
   at MassTransit.Agents.PipeContextSupervisor`1.Send(IPipe`1 pipe, CancellationToken cancellationToken) in /_/src/MassTransit/Agents/PipeContextSupervisor.cs:line 67
   at MassTransit.Transports.ReceiveTransport`1.ReceiveTransportAgent.RunTransport() in /_/src/MassTransit/Transports/ReceiveTransport.cs:line 205
   at MassTransit.Transports.ReceiveTransport`1.ReceiveTransportAgent.RunTransport() in /_/src/MassTransit/Transports/ReceiveTransport.cs:line 210
   at MassTransit.Transports.ReceiveTransport`1.ReceiveTransportAgent.RunTransport() in /_/src/MassTransit/Transports/ReceiveTransport.cs:line 210
   at MassTransit.Transports.ReceiveTransport`1.ReceiveTransportAgent.Run() in /_/src/MassTransit/Transports/ReceiveTransport.cs:line 145
   at MassTransit.Transports.ReceiveTransport`1.ReceiveTransportAgent.Run() in /_/src/MassTransit/Transports/ReceiveTransport.cs:line 145
2026-09-21 00:37:41.760 +03:00 [INF] [6] MassTransit: Retrying "00:00:09.2120000": Broker unreachable: guest@localhost:5672/
MassTransit.RabbitMqConnectionException: Broker unreachable: guest@localhost:5672/
 ---> RabbitMQ.Client.Exceptions.BrokerUnreachableException: None of the specified endpoints were reachable
 ---> System.AggregateException: One or more errors occurred. (Connection failed, host 127.0.0.1:5672)
 ---> RabbitMQ.Client.Exceptions.ConnectFailureException: Connection failed, host 127.0.0.1:5672
 ---> System.Net.Sockets.SocketException (10061): No connection could be made because the target machine actively refused it.
   at System.Net.Sockets.Socket.AwaitableSocketAsyncEventArgs.ThrowException(SocketError error, CancellationToken cancellationToken)
   at System.Net.Sockets.Socket.AwaitableSocketAsyncEventArgs.System.Threading.Tasks.Sources.IValueTaskSource.GetResult(Int16 token)
   at System.Net.Sockets.Socket.<ConnectAsync>g__WaitForConnectWithCancellation|285_0(AwaitableSocketAsyncEventArgs saea, ValueTask connectTask, CancellationToken cancellationToken)
   at RabbitMQ.Client.Impl.SocketFactory.ConnectUsingAddressFamilyAsync(IPEndPoint endpoint, Func`2 socketFactory, AddressFamily family, TimeSpan connectionTimeout, CancellationToken cancellationToken)
   --- End of inner exception stack trace ---
   at RabbitMQ.Client.Impl.SocketFactory.ConnectUsingAddressFamilyAsync(IPEndPoint endpoint, Func`2 socketFactory, AddressFamily family, TimeSpan connectionTimeout, CancellationToken cancellationToken)
   at RabbitMQ.Client.Impl.SocketFactory.OpenAsync(AmqpTcpEndpoint amqpTcpEndpoint, Func`2 socketFactory, TimeSpan connectionTimeout, CancellationToken cancellationToken)
   at RabbitMQ.Client.Impl.SocketFrameHandler.CreateAsync(AmqpTcpEndpoint amqpTcpEndpoint, Func`2 socketFactory, TimeSpan connectionTimeout, CancellationToken cancellationToken)
   at RabbitMQ.Client.ConnectionFactory.CreateFrameHandlerAsync(AmqpTcpEndpoint endpoint, CancellationToken cancellationToken)
   at RabbitMQ.Client.EndpointResolverExtensions.SelectOneAsync[T](IEndpointResolver resolver, Func`3 selector, CancellationToken cancellationToken)
   --- End of inner exception stack trace ---
   at RabbitMQ.Client.EndpointResolverExtensions.SelectOneAsync[T](IEndpointResolver resolver, Func`3 selector, CancellationToken cancellationToken)
   at RabbitMQ.Client.ConnectionFactory.CreateConnectionAsync(IEndpointResolver endpointResolver, String clientProvidedName, CancellationToken cancellationToken)
   --- End of inner exception stack trace ---
   at RabbitMQ.Client.ConnectionFactory.CreateConnectionAsync(IEndpointResolver endpointResolver, String clientProvidedName, CancellationToken cancellationToken)
   at MassTransit.RabbitMqTransport.ConnectionContextFactory.CreateConnection(ISupervisor supervisor) in /_/src/Transports/MassTransit.RabbitMqTransport/RabbitMqTransport/ConnectionContextFactory.cs:line 101
   --- End of inner exception stack trace ---
   at MassTransit.RabbitMqTransport.ConnectionContextFactory.CreateConnection(ISupervisor supervisor) in /_/src/Transports/MassTransit.RabbitMqTransport/RabbitMqTransport/ConnectionContextFactory.cs:line 128
   at MassTransit.Internals.TaskExtensions.<>c__DisplayClass2_0`1.<<OrCanceled>g__WaitAsync|0>d.MoveNext()
--- End of stack trace from previous location ---
   at MassTransit.Internals.TaskExtensions.<>c__DisplayClass2_0`1.<<OrCanceled>g__WaitAsync|0>d.MoveNext() in /_/src/MassTransit.Abstractions/Internals/Extensions/TaskExtensions.cs:line 72
--- End of stack trace from previous location ---
   at MassTransit.RabbitMqTransport.ConnectionContextFactory.CreateSharedConnection(Task`1 context, CancellationToken cancellationToken) in /_/src/Transports/MassTransit.RabbitMqTransport/RabbitMqTransport/ConnectionContextFactory.cs:line 73
   at MassTransit.Agents.PipeContextSupervisor`1.Send(IPipe`1 pipe, CancellationToken cancellationToken) in /_/src/MassTransit/Agents/PipeContextSupervisor.cs:line 51
   at MassTransit.Agents.PipeContextSupervisor`1.Send(IPipe`1 pipe, CancellationToken cancellationToken) in /_/src/MassTransit/Agents/PipeContextSupervisor.cs:line 61
   at MassTransit.Agents.PipeContextSupervisor`1.Send(IPipe`1 pipe, CancellationToken cancellationToken) in /_/src/MassTransit/Agents/PipeContextSupervisor.cs:line 67
   at MassTransit.SupervisorExtensions.<>c__DisplayClass5_0`2.<<CreateAgent>g__HandleSupervisorTask|0>d.MoveNext() in /_/src/MassTransit/SupervisorExtensions.cs:line 139
--- End of stack trace from previous location ---
   at MassTransit.SupervisorExtensions.CreateAgent[T,TAgent](ISupervisor`1 supervisor, IAsyncPipeContextAgent`1 asyncContext, Func`3 agentFactory, CancellationToken cancellationToken) in /_/src/MassTransit/SupervisorExtensions.cs:line 158
   at MassTransit.Agents.PipeContextSupervisor`1.Send(IPipe`1 pipe, CancellationToken cancellationToken) in /_/src/MassTransit/Agents/PipeContextSupervisor.cs:line 61
   at MassTransit.Agents.PipeContextSupervisor`1.Send(IPipe`1 pipe, CancellationToken cancellationToken) in /_/src/MassTransit/Agents/PipeContextSupervisor.cs:line 67
   at MassTransit.Transports.TransportStartExtensions.OnTransportStartup[T](ReceiveEndpointContext context, ITransportSupervisor`1 supervisor, CancellationToken cancellationToken) in /_/src/MassTransit/Transports/TransportStartExtensions.cs:line 19
   at MassTransit.Agents.PipeContextSupervisor`1.Send(IPipe`1 pipe, CancellationToken cancellationToken) in /_/src/MassTransit/Agents/PipeContextSupervisor.cs:line 67
   at MassTransit.SupervisorExtensions.<>c__DisplayClass5_0`2.<<CreateAgent>g__HandleSupervisorTask|0>d.MoveNext() in /_/src/MassTransit/SupervisorExtensions.cs:line 139
--- End of stack trace from previous location ---
   at MassTransit.Internals.TaskExtensions.<>c__DisplayClass2_0`1.<<OrCanceled>g__WaitAsync|0>d.MoveNext()
--- End of stack trace from previous location ---
   at MassTransit.Internals.TaskExtensions.<>c__DisplayClass2_0`1.<<OrCanceled>g__WaitAsync|0>d.MoveNext() in /_/src/MassTransit.Abstractions/Internals/Extensions/TaskExtensions.cs:line 72
--- End of stack trace from previous location ---
   at MassTransit.RabbitMqTransport.ChannelContextFactory.CreateSharedChannel(Task`1 context, CancellationToken cancellationToken) in /_/src/Transports/MassTransit.RabbitMqTransport/RabbitMqTransport/ChannelContextFactory.cs:line 76
   at MassTransit.Agents.PipeContextSupervisor`1.Send(IPipe`1 pipe, CancellationToken cancellationToken) in /_/src/MassTransit/Agents/PipeContextSupervisor.cs:line 51
   at MassTransit.Agents.PipeContextSupervisor`1.Send(IPipe`1 pipe, CancellationToken cancellationToken) in /_/src/MassTransit/Agents/PipeContextSupervisor.cs:line 61
   at MassTransit.Agents.PipeContextSupervisor`1.Send(IPipe`1 pipe, CancellationToken cancellationToken) in /_/src/MassTransit/Agents/PipeContextSupervisor.cs:line 67
   at MassTransit.Transports.ReceiveTransport`1.ReceiveTransportAgent.RunTransport() in /_/src/MassTransit/Transports/ReceiveTransport.cs:line 205
   at MassTransit.Transports.ReceiveTransport`1.ReceiveTransportAgent.RunTransport() in /_/src/MassTransit/Transports/ReceiveTransport.cs:line 210
   at MassTransit.Transports.ReceiveTransport`1.ReceiveTransportAgent.RunTransport() in /_/src/MassTransit/Transports/ReceiveTransport.cs:line 210
   at MassTransit.Transports.ReceiveTransport`1.ReceiveTransportAgent.Run() in /_/src/MassTransit/Transports/ReceiveTransport.cs:line 145
   at MassTransit.Transports.ReceiveTransport`1.ReceiveTransportAgent.Run() in /_/src/MassTransit/Transports/ReceiveTransport.cs:line 145
2026-09-21 00:37:44.603 +03:00 [INF] [8] JobRadar.Workers.Ingestion.IngestionDispatcherJob: Found 0 sources to fetch out of 0 active sources.
2026-09-21 00:37:56.137 +03:00 [WRN] [8] MassTransit: Connection Failed: "rabbitmq://localhost/"
RabbitMQ.Client.Exceptions.BrokerUnreachableException: None of the specified endpoints were reachable
 ---> System.AggregateException: One or more errors occurred. (Connection failed, host 127.0.0.1:5672)
 ---> RabbitMQ.Client.Exceptions.ConnectFailureException: Connection failed, host 127.0.0.1:5672
 ---> System.Net.Sockets.SocketException (10061): No connection could be made because the target machine actively refused it.
   at System.Net.Sockets.Socket.AwaitableSocketAsyncEventArgs.ThrowException(SocketError error, CancellationToken cancellationToken)
   at System.Net.Sockets.Socket.AwaitableSocketAsyncEventArgs.System.Threading.Tasks.Sources.IValueTaskSource.GetResult(Int16 token)
   at System.Net.Sockets.Socket.<ConnectAsync>g__WaitForConnectWithCancellation|285_0(AwaitableSocketAsyncEventArgs saea, ValueTask connectTask, CancellationToken cancellationToken)
   at RabbitMQ.Client.Impl.SocketFactory.ConnectUsingAddressFamilyAsync(IPEndPoint endpoint, Func`2 socketFactory, AddressFamily family, TimeSpan connectionTimeout, CancellationToken cancellationToken)
   --- End of inner exception stack trace ---
   at RabbitMQ.Client.Impl.SocketFactory.ConnectUsingAddressFamilyAsync(IPEndPoint endpoint, Func`2 socketFactory, AddressFamily family, TimeSpan connectionTimeout, CancellationToken cancellationToken)
   at RabbitMQ.Client.Impl.SocketFactory.OpenAsync(AmqpTcpEndpoint amqpTcpEndpoint, Func`2 socketFactory, TimeSpan connectionTimeout, CancellationToken cancellationToken)
   at RabbitMQ.Client.Impl.SocketFrameHandler.CreateAsync(AmqpTcpEndpoint amqpTcpEndpoint, Func`2 socketFactory, TimeSpan connectionTimeout, CancellationToken cancellationToken)
   at RabbitMQ.Client.ConnectionFactory.CreateFrameHandlerAsync(AmqpTcpEndpoint endpoint, CancellationToken cancellationToken)
   at RabbitMQ.Client.EndpointResolverExtensions.SelectOneAsync[T](IEndpointResolver resolver, Func`3 selector, CancellationToken cancellationToken)
   --- End of inner exception stack trace ---
   at RabbitMQ.Client.EndpointResolverExtensions.SelectOneAsync[T](IEndpointResolver resolver, Func`3 selector, CancellationToken cancellationToken)
   at RabbitMQ.Client.ConnectionFactory.CreateConnectionAsync(IEndpointResolver endpointResolver, String clientProvidedName, CancellationToken cancellationToken)
   --- End of inner exception stack trace ---
   at RabbitMQ.Client.ConnectionFactory.CreateConnectionAsync(IEndpointResolver endpointResolver, String clientProvidedName, CancellationToken cancellationToken)
   at MassTransit.RabbitMqTransport.ConnectionContextFactory.CreateConnection(ISupervisor supervisor) in /_/src/Transports/MassTransit.RabbitMqTransport/RabbitMqTransport/ConnectionContextFactory.cs:line 101
2026-09-21 00:37:57.144 +03:00 [INF] [9] MassTransit: Retrying "00:00:15.0800000": Broker unreachable: guest@localhost:5672/
MassTransit.RabbitMqConnectionException: Broker unreachable: guest@localhost:5672/
 ---> RabbitMQ.Client.Exceptions.BrokerUnreachableException: None of the specified endpoints were reachable
 ---> System.AggregateException: One or more errors occurred. (Connection failed, host 127.0.0.1:5672)
 ---> RabbitMQ.Client.Exceptions.ConnectFailureException: Connection failed, host 127.0.0.1:5672
 ---> System.Net.Sockets.SocketException (10061): No connection could be made because the target machine actively refused it.
   at System.Net.Sockets.Socket.AwaitableSocketAsyncEventArgs.ThrowException(SocketError error, CancellationToken cancellationToken)
   at System.Net.Sockets.Socket.AwaitableSocketAsyncEventArgs.System.Threading.Tasks.Sources.IValueTaskSource.GetResult(Int16 token)
   at System.Net.Sockets.Socket.<ConnectAsync>g__WaitForConnectWithCancellation|285_0(AwaitableSocketAsyncEventArgs saea, ValueTask connectTask, CancellationToken cancellationToken)
   at RabbitMQ.Client.Impl.SocketFactory.ConnectUsingAddressFamilyAsync(IPEndPoint endpoint, Func`2 socketFactory, AddressFamily family, TimeSpan connectionTimeout, CancellationToken cancellationToken)
   --- End of inner exception stack trace ---
   at RabbitMQ.Client.Impl.SocketFactory.ConnectUsingAddressFamilyAsync(IPEndPoint endpoint, Func`2 socketFactory, AddressFamily family, TimeSpan connectionTimeout, CancellationToken cancellationToken)
   at RabbitMQ.Client.Impl.SocketFactory.OpenAsync(AmqpTcpEndpoint amqpTcpEndpoint, Func`2 socketFactory, TimeSpan connectionTimeout, CancellationToken cancellationToken)
   at RabbitMQ.Client.Impl.SocketFrameHandler.CreateAsync(AmqpTcpEndpoint amqpTcpEndpoint, Func`2 socketFactory, TimeSpan connectionTimeout, CancellationToken cancellationToken)
   at RabbitMQ.Client.ConnectionFactory.CreateFrameHandlerAsync(AmqpTcpEndpoint endpoint, CancellationToken cancellationToken)
   at RabbitMQ.Client.EndpointResolverExtensions.SelectOneAsync[T](IEndpointResolver resolver, Func`3 selector, CancellationToken cancellationToken)
   --- End of inner exception stack trace ---
   at RabbitMQ.Client.EndpointResolverExtensions.SelectOneAsync[T](IEndpointResolver resolver, Func`3 selector, CancellationToken cancellationToken)
   at RabbitMQ.Client.ConnectionFactory.CreateConnectionAsync(IEndpointResolver endpointResolver, String clientProvidedName, CancellationToken cancellationToken)
   --- End of inner exception stack trace ---
   at RabbitMQ.Client.ConnectionFactory.CreateConnectionAsync(IEndpointResolver endpointResolver, String clientProvidedName, CancellationToken cancellationToken)
   at MassTransit.RabbitMqTransport.ConnectionContextFactory.CreateConnection(ISupervisor supervisor) in /_/src/Transports/MassTransit.RabbitMqTransport/RabbitMqTransport/ConnectionContextFactory.cs:line 101
   --- End of inner exception stack trace ---
   at MassTransit.RabbitMqTransport.ConnectionContextFactory.CreateConnection(ISupervisor supervisor) in /_/src/Transports/MassTransit.RabbitMqTransport/RabbitMqTransport/ConnectionContextFactory.cs:line 128
   at MassTransit.Internals.TaskExtensions.<>c__DisplayClass2_0`1.<<OrCanceled>g__WaitAsync|0>d.MoveNext()
--- End of stack trace from previous location ---
   at MassTransit.Internals.TaskExtensions.<>c__DisplayClass2_0`1.<<OrCanceled>g__WaitAsync|0>d.MoveNext() in /_/src/MassTransit.Abstractions/Internals/Extensions/TaskExtensions.cs:line 72
--- End of stack trace from previous location ---
   at MassTransit.RabbitMqTransport.ConnectionContextFactory.CreateSharedConnection(Task`1 context, CancellationToken cancellationToken) in /_/src/Transports/MassTransit.RabbitMqTransport/RabbitMqTransport/ConnectionContextFactory.cs:line 73
   at MassTransit.Agents.PipeContextSupervisor`1.Send(IPipe`1 pipe, CancellationToken cancellationToken) in /_/src/MassTransit/Agents/PipeContextSupervisor.cs:line 51
   at MassTransit.Agents.PipeContextSupervisor`1.Send(IPipe`1 pipe, CancellationToken cancellationToken) in /_/src/MassTransit/Agents/PipeContextSupervisor.cs:line 61
   at MassTransit.Agents.PipeContextSupervisor`1.Send(IPipe`1 pipe, CancellationToken cancellationToken) in /_/src/MassTransit/Agents/PipeContextSupervisor.cs:line 67
   at MassTransit.SupervisorExtensions.<>c__DisplayClass5_0`2.<<CreateAgent>g__HandleSupervisorTask|0>d.MoveNext() in /_/src/MassTransit/SupervisorExtensions.cs:line 139
--- End of stack trace from previous location ---
   at MassTransit.SupervisorExtensions.CreateAgent[T,TAgent](ISupervisor`1 supervisor, IAsyncPipeContextAgent`1 asyncContext, Func`3 agentFactory, CancellationToken cancellationToken) in /_/src/MassTransit/SupervisorExtensions.cs:line 158
   at MassTransit.Agents.PipeContextSupervisor`1.Send(IPipe`1 pipe, CancellationToken cancellationToken) in /_/src/MassTransit/Agents/PipeContextSupervisor.cs:line 61
   at MassTransit.Agents.PipeContextSupervisor`1.Send(IPipe`1 pipe, CancellationToken cancellationToken) in /_/src/MassTransit/Agents/PipeContextSupervisor.cs:line 67
   at MassTransit.Transports.TransportStartExtensions.OnTransportStartup[T](ReceiveEndpointContext context, ITransportSupervisor`1 supervisor, CancellationToken cancellationToken) in /_/src/MassTransit/Transports/TransportStartExtensions.cs:line 19
   at MassTransit.Agents.PipeContextSupervisor`1.Send(IPipe`1 pipe, CancellationToken cancellationToken) in /_/src/MassTransit/Agents/PipeContextSupervisor.cs:line 67
   at MassTransit.SupervisorExtensions.<>c__DisplayClass5_0`2.<<CreateAgent>g__HandleSupervisorTask|0>d.MoveNext() in /_/src/MassTransit/SupervisorExtensions.cs:line 139
--- End of stack trace from previous location ---
   at MassTransit.Internals.TaskExtensions.<>c__DisplayClass2_0`1.<<OrCanceled>g__WaitAsync|0>d.MoveNext()
--- End of stack trace from previous location ---
   at MassTransit.Internals.TaskExtensions.<>c__DisplayClass2_0`1.<<OrCanceled>g__WaitAsync|0>d.MoveNext() in /_/src/MassTransit.Abstractions/Internals/Extensions/TaskExtensions.cs:line 72
--- End of stack trace from previous location ---
   at MassTransit.RabbitMqTransport.ChannelContextFactory.CreateSharedChannel(Task`1 context, CancellationToken cancellationToken) in /_/src/Transports/MassTransit.RabbitMqTransport/RabbitMqTransport/ChannelContextFactory.cs:line 76
   at MassTransit.Agents.PipeContextSupervisor`1.Send(IPipe`1 pipe, CancellationToken cancellationToken) in /_/src/MassTransit/Agents/PipeContextSupervisor.cs:line 51
   at MassTransit.Agents.PipeContextSupervisor`1.Send(IPipe`1 pipe, CancellationToken cancellationToken) in /_/src/MassTransit/Agents/PipeContextSupervisor.cs:line 61
   at MassTransit.Agents.PipeContextSupervisor`1.Send(IPipe`1 pipe, CancellationToken cancellationToken) in /_/src/MassTransit/Agents/PipeContextSupervisor.cs:line 67
   at MassTransit.Transports.ReceiveTransport`1.ReceiveTransportAgent.RunTransport() in /_/src/MassTransit/Transports/ReceiveTransport.cs:line 205
   at MassTransit.Transports.ReceiveTransport`1.ReceiveTransportAgent.RunTransport() in /_/src/MassTransit/Transports/ReceiveTransport.cs:line 210
   at MassTransit.Transports.ReceiveTransport`1.ReceiveTransportAgent.RunTransport() in /_/src/MassTransit/Transports/ReceiveTransport.cs:line 210
   at MassTransit.Transports.ReceiveTransport`1.ReceiveTransportAgent.Run() in /_/src/MassTransit/Transports/ReceiveTransport.cs:line 145
   at MassTransit.Transports.ReceiveTransport`1.ReceiveTransportAgent.Run() in /_/src/MassTransit/Transports/ReceiveTransport.cs:line 145
2026-09-21 00:37:57.144 +03:00 [INF] [8] MassTransit: Retrying "00:00:15.0800000": Broker unreachable: guest@localhost:5672/
MassTransit.RabbitMqConnectionException: Broker unreachable: guest@localhost:5672/
 ---> RabbitMQ.Client.Exceptions.BrokerUnreachableException: None of the specified endpoints were reachable
 ---> System.AggregateException: One or more errors occurred. (Connection failed, host 127.0.0.1:5672)
 ---> RabbitMQ.Client.Exceptions.ConnectFailureException: Connection failed, host 127.0.0.1:5672
 ---> System.Net.Sockets.SocketException (10061): No connection could be made because the target machine actively refused it.
   at System.Net.Sockets.Socket.AwaitableSocketAsyncEventArgs.ThrowException(SocketError error, CancellationToken cancellationToken)
   at System.Net.Sockets.Socket.AwaitableSocketAsyncEventArgs.System.Threading.Tasks.Sources.IValueTaskSource.GetResult(Int16 token)
   at System.Net.Sockets.Socket.<ConnectAsync>g__WaitForConnectWithCancellation|285_0(AwaitableSocketAsyncEventArgs saea, ValueTask connectTask, CancellationToken cancellationToken)
   at RabbitMQ.Client.Impl.SocketFactory.ConnectUsingAddressFamilyAsync(IPEndPoint endpoint, Func`2 socketFactory, AddressFamily family, TimeSpan connectionTimeout, CancellationToken cancellationToken)
   --- End of inner exception stack trace ---
   at RabbitMQ.Client.Impl.SocketFactory.ConnectUsingAddressFamilyAsync(IPEndPoint endpoint, Func`2 socketFactory, AddressFamily family, TimeSpan connectionTimeout, CancellationToken cancellationToken)
   at RabbitMQ.Client.Impl.SocketFactory.OpenAsync(AmqpTcpEndpoint amqpTcpEndpoint, Func`2 socketFactory, TimeSpan connectionTimeout, CancellationToken cancellationToken)
   at RabbitMQ.Client.Impl.SocketFrameHandler.CreateAsync(AmqpTcpEndpoint amqpTcpEndpoint, Func`2 socketFactory, TimeSpan connectionTimeout, CancellationToken cancellationToken)
   at RabbitMQ.Client.ConnectionFactory.CreateFrameHandlerAsync(AmqpTcpEndpoint endpoint, CancellationToken cancellationToken)
   at RabbitMQ.Client.EndpointResolverExtensions.SelectOneAsync[T](IEndpointResolver resolver, Func`3 selector, CancellationToken cancellationToken)
   --- End of inner exception stack trace ---
   at RabbitMQ.Client.EndpointResolverExtensions.SelectOneAsync[T](IEndpointResolver resolver, Func`3 selector, CancellationToken cancellationToken)
   at RabbitMQ.Client.ConnectionFactory.CreateConnectionAsync(IEndpointResolver endpointResolver, String clientProvidedName, CancellationToken cancellationToken)
   --- End of inner exception stack trace ---
   at RabbitMQ.Client.ConnectionFactory.CreateConnectionAsync(IEndpointResolver endpointResolver, String clientProvidedName, CancellationToken cancellationToken)
   at MassTransit.RabbitMqTransport.ConnectionContextFactory.CreateConnection(ISupervisor supervisor) in /_/src/Transports/MassTransit.RabbitMqTransport/RabbitMqTransport/ConnectionContextFactory.cs:line 101
   --- End of inner exception stack trace ---
   at MassTransit.RabbitMqTransport.ConnectionContextFactory.CreateConnection(ISupervisor supervisor) in /_/src/Transports/MassTransit.RabbitMqTransport/RabbitMqTransport/ConnectionContextFactory.cs:line 128
   at MassTransit.Internals.TaskExtensions.<>c__DisplayClass2_0`1.<<OrCanceled>g__WaitAsync|0>d.MoveNext()
--- End of stack trace from previous location ---
   at MassTransit.Internals.TaskExtensions.<>c__DisplayClass2_0`1.<<OrCanceled>g__WaitAsync|0>d.MoveNext() in /_/src/MassTransit.Abstractions/Internals/Extensions/TaskExtensions.cs:line 72
--- End of stack trace from previous location ---
   at MassTransit.RabbitMqTransport.ConnectionContextFactory.CreateSharedConnection(Task`1 context, CancellationToken cancellationToken) in /_/src/Transports/MassTransit.RabbitMqTransport/RabbitMqTransport/ConnectionContextFactory.cs:line 73
   at MassTransit.Agents.PipeContextSupervisor`1.Send(IPipe`1 pipe, CancellationToken cancellationToken) in /_/src/MassTransit/Agents/PipeContextSupervisor.cs:line 51
   at MassTransit.Agents.PipeContextSupervisor`1.Send(IPipe`1 pipe, CancellationToken cancellationToken) in /_/src/MassTransit/Agents/PipeContextSupervisor.cs:line 61
   at MassTransit.Agents.PipeContextSupervisor`1.Send(IPipe`1 pipe, CancellationToken cancellationToken) in /_/src/MassTransit/Agents/PipeContextSupervisor.cs:line 67
   at MassTransit.SupervisorExtensions.<>c__DisplayClass5_0`2.<<CreateAgent>g__HandleSupervisorTask|0>d.MoveNext() in /_/src/MassTransit/SupervisorExtensions.cs:line 139
--- End of stack trace from previous location ---
   at MassTransit.SupervisorExtensions.CreateAgent[T,TAgent](ISupervisor`1 supervisor, IAsyncPipeContextAgent`1 asyncContext, Func`3 agentFactory, CancellationToken cancellationToken) in /_/src/MassTransit/SupervisorExtensions.cs:line 158
   at MassTransit.Agents.PipeContextSupervisor`1.Send(IPipe`1 pipe, CancellationToken cancellationToken) in /_/src/MassTransit/Agents/PipeContextSupervisor.cs:line 61
   at MassTransit.Agents.PipeContextSupervisor`1.Send(IPipe`1 pipe, CancellationToken cancellationToken) in /_/src/MassTransit/Agents/PipeContextSupervisor.cs:line 67
   at MassTransit.Transports.TransportStartExtensions.OnTransportStartup[T](ReceiveEndpointContext context, ITransportSupervisor`1 supervisor, CancellationToken cancellationToken) in /_/src/MassTransit/Transports/TransportStartExtensions.cs:line 19
   at MassTransit.Agents.PipeContextSupervisor`1.Send(IPipe`1 pipe, CancellationToken cancellationToken) in /_/src/MassTransit/Agents/PipeContextSupervisor.cs:line 67
   at MassTransit.SupervisorExtensions.<>c__DisplayClass5_0`2.<<CreateAgent>g__HandleSupervisorTask|0>d.MoveNext() in /_/src/MassTransit/SupervisorExtensions.cs:line 139
--- End of stack trace from previous location ---
   at MassTransit.Internals.TaskExtensions.<>c__DisplayClass2_0`1.<<OrCanceled>g__WaitAsync|0>d.MoveNext()
--- End of stack trace from previous location ---
   at MassTransit.Internals.TaskExtensions.<>c__DisplayClass2_0`1.<<OrCanceled>g__WaitAsync|0>d.MoveNext() in /_/src/MassTransit.Abstractions/Internals/Extensions/TaskExtensions.cs:line 72
--- End of stack trace from previous location ---
   at MassTransit.RabbitMqTransport.ChannelContextFactory.CreateSharedChannel(Task`1 context, CancellationToken cancellationToken) in /_/src/Transports/MassTransit.RabbitMqTransport/RabbitMqTransport/ChannelContextFactory.cs:line 76
   at MassTransit.Agents.PipeContextSupervisor`1.Send(IPipe`1 pipe, CancellationToken cancellationToken) in /_/src/MassTransit/Agents/PipeContextSupervisor.cs:line 51
   at MassTransit.Agents.PipeContextSupervisor`1.Send(IPipe`1 pipe, CancellationToken cancellationToken) in /_/src/MassTransit/Agents/PipeContextSupervisor.cs:line 61
   at MassTransit.Agents.PipeContextSupervisor`1.Send(IPipe`1 pipe, CancellationToken cancellationToken) in /_/src/MassTransit/Agents/PipeContextSupervisor.cs:line 67
   at MassTransit.Transports.ReceiveTransport`1.ReceiveTransportAgent.RunTransport() in /_/src/MassTransit/Transports/ReceiveTransport.cs:line 205
   at MassTransit.Transports.ReceiveTransport`1.ReceiveTransportAgent.RunTransport() in /_/src/MassTransit/Transports/ReceiveTransport.cs:line 210
   at MassTransit.Transports.ReceiveTransport`1.ReceiveTransportAgent.RunTransport() in /_/src/MassTransit/Transports/ReceiveTransport.cs:line 210
   at MassTransit.Transports.ReceiveTransport`1.ReceiveTransportAgent.Run() in /_/src/MassTransit/Transports/ReceiveTransport.cs:line 145
   at MassTransit.Transports.ReceiveTransport`1.ReceiveTransportAgent.Run() in /_/src/MassTransit/Transports/ReceiveTransport.cs:line 145
2026-09-21 00:38:06.884 +03:00 [INF] [29] JobRadar.Workers.Ingestion.IngestionDispatcherJob: Running IngestionDispatcherJob...
2026-09-21 00:38:07.291 +03:00 [INF] [29] JobRadar.Workers.Ingestion.IngestionDispatcherJob: Found 0 sources to fetch out of 0 active sources.
2026-09-21 00:38:16.300 +03:00 [WRN] [29] MassTransit: Connection Failed: "rabbitmq://localhost/"
RabbitMQ.Client.Exceptions.BrokerUnreachableException: None of the specified endpoints were reachable
 ---> System.AggregateException: One or more errors occurred. (Connection failed, host 127.0.0.1:5672)
 ---> RabbitMQ.Client.Exceptions.ConnectFailureException: Connection failed, host 127.0.0.1:5672
 ---> System.Net.Sockets.SocketException (10061): No connection could be made because the target machine actively refused it.
   at System.Net.Sockets.Socket.AwaitableSocketAsyncEventArgs.ThrowException(SocketError error, CancellationToken cancellationToken)
   at System.Net.Sockets.Socket.AwaitableSocketAsyncEventArgs.System.Threading.Tasks.Sources.IValueTaskSource.GetResult(Int16 token)
   at System.Net.Sockets.Socket.<ConnectAsync>g__WaitForConnectWithCancellation|285_0(AwaitableSocketAsyncEventArgs saea, ValueTask connectTask, CancellationToken cancellationToken)
   at RabbitMQ.Client.Impl.SocketFactory.ConnectUsingAddressFamilyAsync(IPEndPoint endpoint, Func`2 socketFactory, AddressFamily family, TimeSpan connectionTimeout, CancellationToken cancellationToken)
   --- End of inner exception stack trace ---
   at RabbitMQ.Client.Impl.SocketFactory.ConnectUsingAddressFamilyAsync(IPEndPoint endpoint, Func`2 socketFactory, AddressFamily family, TimeSpan connectionTimeout, CancellationToken cancellationToken)
   at RabbitMQ.Client.Impl.SocketFactory.OpenAsync(AmqpTcpEndpoint amqpTcpEndpoint, Func`2 socketFactory, TimeSpan connectionTimeout, CancellationToken cancellationToken)
   at RabbitMQ.Client.Impl.SocketFrameHandler.CreateAsync(AmqpTcpEndpoint amqpTcpEndpoint, Func`2 socketFactory, TimeSpan connectionTimeout, CancellationToken cancellationToken)
   at RabbitMQ.Client.ConnectionFactory.CreateFrameHandlerAsync(AmqpTcpEndpoint endpoint, CancellationToken cancellationToken)
   at RabbitMQ.Client.EndpointResolverExtensions.SelectOneAsync[T](IEndpointResolver resolver, Func`3 selector, CancellationToken cancellationToken)
   --- End of inner exception stack trace ---
   at RabbitMQ.Client.EndpointResolverExtensions.SelectOneAsync[T](IEndpointResolver resolver, Func`3 selector, CancellationToken cancellationToken)
   at RabbitMQ.Client.ConnectionFactory.CreateConnectionAsync(IEndpointResolver endpointResolver, String clientProvidedName, CancellationToken cancellationToken)
   --- End of inner exception stack trace ---
   at RabbitMQ.Client.ConnectionFactory.CreateConnectionAsync(IEndpointResolver endpointResolver, String clientProvidedName, CancellationToken cancellationToken)
   at MassTransit.RabbitMqTransport.ConnectionContextFactory.CreateConnection(ISupervisor supervisor) in /_/src/Transports/MassTransit.RabbitMqTransport/RabbitMqTransport/ConnectionContextFactory.cs:line 101
2026-09-21 00:38:17.310 +03:00 [INF] [29] MassTransit: Retrying "00:00:29.5440000": Broker unreachable: guest@localhost:5672/
MassTransit.RabbitMqConnectionException: Broker unreachable: guest@localhost:5672/
 ---> RabbitMQ.Client.Exceptions.BrokerUnreachableException: None of the specified endpoints were reachable
 ---> System.AggregateException: One or more errors occurred. (Connection failed, host 127.0.0.1:5672)
 ---> RabbitMQ.Client.Exceptions.ConnectFailureException: Connection failed, host 127.0.0.1:5672
 ---> System.Net.Sockets.SocketException (10061): No connection could be made because the target machine actively refused it.
   at System.Net.Sockets.Socket.AwaitableSocketAsyncEventArgs.ThrowException(SocketError error, CancellationToken cancellationToken)
   at System.Net.Sockets.Socket.AwaitableSocketAsyncEventArgs.System.Threading.Tasks.Sources.IValueTaskSource.GetResult(Int16 token)
   at System.Net.Sockets.Socket.<ConnectAsync>g__WaitForConnectWithCancellation|285_0(AwaitableSocketAsyncEventArgs saea, ValueTask connectTask, CancellationToken cancellationToken)
   at RabbitMQ.Client.Impl.SocketFactory.ConnectUsingAddressFamilyAsync(IPEndPoint endpoint, Func`2 socketFactory, AddressFamily family, TimeSpan connectionTimeout, CancellationToken cancellationToken)
   --- End of inner exception stack trace ---
   at RabbitMQ.Client.Impl.SocketFactory.ConnectUsingAddressFamilyAsync(IPEndPoint endpoint, Func`2 socketFactory, AddressFamily family, TimeSpan connectionTimeout, CancellationToken cancellationToken)
   at RabbitMQ.Client.Impl.SocketFactory.OpenAsync(AmqpTcpEndpoint amqpTcpEndpoint, Func`2 socketFactory, TimeSpan connectionTimeout, CancellationToken cancellationToken)
   at RabbitMQ.Client.Impl.SocketFrameHandler.CreateAsync(AmqpTcpEndpoint amqpTcpEndpoint, Func`2 socketFactory, TimeSpan connectionTimeout, CancellationToken cancellationToken)
   at RabbitMQ.Client.ConnectionFactory.CreateFrameHandlerAsync(AmqpTcpEndpoint endpoint, CancellationToken cancellationToken)
   at RabbitMQ.Client.EndpointResolverExtensions.SelectOneAsync[T](IEndpointResolver resolver, Func`3 selector, CancellationToken cancellationToken)
   --- End of inner exception stack trace ---
   at RabbitMQ.Client.EndpointResolverExtensions.SelectOneAsync[T](IEndpointResolver resolver, Func`3 selector, CancellationToken cancellationToken)
   at RabbitMQ.Client.ConnectionFactory.CreateConnectionAsync(IEndpointResolver endpointResolver, String clientProvidedName, CancellationToken cancellationToken)
   --- End of inner exception stack trace ---
   at RabbitMQ.Client.ConnectionFactory.CreateConnectionAsync(IEndpointResolver endpointResolver, String clientProvidedName, CancellationToken cancellationToken)
   at MassTransit.RabbitMqTransport.ConnectionContextFactory.CreateConnection(ISupervisor supervisor) in /_/src/Transports/MassTransit.RabbitMqTransport/RabbitMqTransport/ConnectionContextFactory.cs:line 101
   --- End of inner exception stack trace ---
   at MassTransit.RabbitMqTransport.ConnectionContextFactory.CreateConnection(ISupervisor supervisor) in /_/src/Transports/MassTransit.RabbitMqTransport/RabbitMqTransport/ConnectionContextFactory.cs:line 128
   at MassTransit.Internals.TaskExtensions.<>c__DisplayClass2_0`1.<<OrCanceled>g__WaitAsync|0>d.MoveNext()
--- End of stack trace from previous location ---
   at MassTransit.Internals.TaskExtensions.<>c__DisplayClass2_0`1.<<OrCanceled>g__WaitAsync|0>d.MoveNext() in /_/src/MassTransit.Abstractions/Internals/Extensions/TaskExtensions.cs:line 72
--- End of stack trace from previous location ---
   at MassTransit.RabbitMqTransport.ConnectionContextFactory.CreateSharedConnection(Task`1 context, CancellationToken cancellationToken) in /_/src/Transports/MassTransit.RabbitMqTransport/RabbitMqTransport/ConnectionContextFactory.cs:line 73
   at MassTransit.Agents.PipeContextSupervisor`1.Send(IPipe`1 pipe, CancellationToken cancellationToken) in /_/src/MassTransit/Agents/PipeContextSupervisor.cs:line 51
   at MassTransit.Agents.PipeContextSupervisor`1.Send(IPipe`1 pipe, CancellationToken cancellationToken) in /_/src/MassTransit/Agents/PipeContextSupervisor.cs:line 61
   at MassTransit.Agents.PipeContextSupervisor`1.Send(IPipe`1 pipe, CancellationToken cancellationToken) in /_/src/MassTransit/Agents/PipeContextSupervisor.cs:line 67
   at MassTransit.SupervisorExtensions.<>c__DisplayClass5_0`2.<<CreateAgent>g__HandleSupervisorTask|0>d.MoveNext() in /_/src/MassTransit/SupervisorExtensions.cs:line 139
--- End of stack trace from previous location ---
   at MassTransit.SupervisorExtensions.CreateAgent[T,TAgent](ISupervisor`1 supervisor, IAsyncPipeContextAgent`1 asyncContext, Func`3 agentFactory, CancellationToken cancellationToken) in /_/src/MassTransit/SupervisorExtensions.cs:line 158
   at MassTransit.Agents.PipeContextSupervisor`1.Send(IPipe`1 pipe, CancellationToken cancellationToken) in /_/src/MassTransit/Agents/PipeContextSupervisor.cs:line 61
   at MassTransit.Agents.PipeContextSupervisor`1.Send(IPipe`1 pipe, CancellationToken cancellationToken) in /_/src/MassTransit/Agents/PipeContextSupervisor.cs:line 67
   at MassTransit.Transports.TransportStartExtensions.OnTransportStartup[T](ReceiveEndpointContext context, ITransportSupervisor`1 supervisor, CancellationToken cancellationToken) in /_/src/MassTransit/Transports/TransportStartExtensions.cs:line 19
   at MassTransit.Agents.PipeContextSupervisor`1.Send(IPipe`1 pipe, CancellationToken cancellationToken) in /_/src/MassTransit/Agents/PipeContextSupervisor.cs:line 67
   at MassTransit.SupervisorExtensions.<>c__DisplayClass5_0`2.<<CreateAgent>g__HandleSupervisorTask|0>d.MoveNext() in /_/src/MassTransit/SupervisorExtensions.cs:line 139
--- End of stack trace from previous location ---
   at MassTransit.Internals.TaskExtensions.<>c__DisplayClass2_0`1.<<OrCanceled>g__WaitAsync|0>d.MoveNext()
--- End of stack trace from previous location ---
   at MassTransit.Internals.TaskExtensions.<>c__DisplayClass2_0`1.<<OrCanceled>g__WaitAsync|0>d.MoveNext() in /_/src/MassTransit.Abstractions/Internals/Extensions/TaskExtensions.cs:line 72
--- End of stack trace from previous location ---
   at MassTransit.RabbitMqTransport.ChannelContextFactory.CreateSharedChannel(Task`1 context, CancellationToken cancellationToken) in /_/src/Transports/MassTransit.RabbitMqTransport/RabbitMqTransport/ChannelContextFactory.cs:line 76
   at MassTransit.Agents.PipeContextSupervisor`1.Send(IPipe`1 pipe, CancellationToken cancellationToken) in /_/src/MassTransit/Agents/PipeContextSupervisor.cs:line 51
   at MassTransit.Agents.PipeContextSupervisor`1.Send(IPipe`1 pipe, CancellationToken cancellationToken) in /_/src/MassTransit/Agents/PipeContextSupervisor.cs:line 61
   at MassTransit.Agents.PipeContextSupervisor`1.Send(IPipe`1 pipe, CancellationToken cancellationToken) in /_/src/MassTransit/Agents/PipeContextSupervisor.cs:line 67
   at MassTransit.Transports.ReceiveTransport`1.ReceiveTransportAgent.RunTransport() in /_/src/MassTransit/Transports/ReceiveTransport.cs:line 205
   at MassTransit.Transports.ReceiveTransport`1.ReceiveTransportAgent.RunTransport() in /_/src/MassTransit/Transports/ReceiveTransport.cs:line 210
   at MassTransit.Transports.ReceiveTransport`1.ReceiveTransportAgent.RunTransport() in /_/src/MassTransit/Transports/ReceiveTransport.cs:line 210
   at MassTransit.Transports.ReceiveTransport`1.ReceiveTransportAgent.Run() in /_/src/MassTransit/Transports/ReceiveTransport.cs:line 145
   at MassTransit.Transports.ReceiveTransport`1.ReceiveTransportAgent.Run() in /_/src/MassTransit/Transports/ReceiveTransport.cs:line 145
2026-09-21 00:38:17.310 +03:00 [INF] [9] MassTransit: Retrying "00:00:29.5440000": Broker unreachable: guest@localhost:5672/
MassTransit.RabbitMqConnectionException: Broker unreachable: guest@localhost:5672/
 ---> RabbitMQ.Client.Exceptions.BrokerUnreachableException: None of the specified endpoints were reachable
 ---> System.AggregateException: One or more errors occurred. (Connection failed, host 127.0.0.1:5672)
 ---> RabbitMQ.Client.Exceptions.ConnectFailureException: Connection failed, host 127.0.0.1:5672
 ---> System.Net.Sockets.SocketException (10061): No connection could be made because the target machine actively refused it.
   at System.Net.Sockets.Socket.AwaitableSocketAsyncEventArgs.ThrowException(SocketError error, CancellationToken cancellationToken)
   at System.Net.Sockets.Socket.AwaitableSocketAsyncEventArgs.System.Threading.Tasks.Sources.IValueTaskSource.GetResult(Int16 token)
   at System.Net.Sockets.Socket.<ConnectAsync>g__WaitForConnectWithCancellation|285_0(AwaitableSocketAsyncEventArgs saea, ValueTask connectTask, CancellationToken cancellationToken)
   at RabbitMQ.Client.Impl.SocketFactory.ConnectUsingAddressFamilyAsync(IPEndPoint endpoint, Func`2 socketFactory, AddressFamily family, TimeSpan connectionTimeout, CancellationToken cancellationToken)
   --- End of inner exception stack trace ---
   at RabbitMQ.Client.Impl.SocketFactory.ConnectUsingAddressFamilyAsync(IPEndPoint endpoint, Func`2 socketFactory, AddressFamily family, TimeSpan connectionTimeout, CancellationToken cancellationToken)
   at RabbitMQ.Client.Impl.SocketFactory.OpenAsync(AmqpTcpEndpoint amqpTcpEndpoint, Func`2 socketFactory, TimeSpan connectionTimeout, CancellationToken cancellationToken)
   at RabbitMQ.Client.Impl.SocketFrameHandler.CreateAsync(AmqpTcpEndpoint amqpTcpEndpoint, Func`2 socketFactory, TimeSpan connectionTimeout, CancellationToken cancellationToken)
   at RabbitMQ.Client.ConnectionFactory.CreateFrameHandlerAsync(AmqpTcpEndpoint endpoint, CancellationToken cancellationToken)
   at RabbitMQ.Client.EndpointResolverExtensions.SelectOneAsync[T](IEndpointResolver resolver, Func`3 selector, CancellationToken cancellationToken)
   --- End of inner exception stack trace ---
   at RabbitMQ.Client.EndpointResolverExtensions.SelectOneAsync[T](IEndpointResolver resolver, Func`3 selector, CancellationToken cancellationToken)
   at RabbitMQ.Client.ConnectionFactory.CreateConnectionAsync(IEndpointResolver endpointResolver, String clientProvidedName, CancellationToken cancellationToken)
   --- End of inner exception stack trace ---
   at RabbitMQ.Client.ConnectionFactory.CreateConnectionAsync(IEndpointResolver endpointResolver, String clientProvidedName, CancellationToken cancellationToken)
   at MassTransit.RabbitMqTransport.ConnectionContextFactory.CreateConnection(ISupervisor supervisor) in /_/src/Transports/MassTransit.RabbitMqTransport/RabbitMqTransport/ConnectionContextFactory.cs:line 101
   --- End of inner exception stack trace ---
   at MassTransit.RabbitMqTransport.ConnectionContextFactory.CreateConnection(ISupervisor supervisor) in /_/src/Transports/MassTransit.RabbitMqTransport/RabbitMqTransport/ConnectionContextFactory.cs:line 128
   at MassTransit.Internals.TaskExtensions.<>c__DisplayClass2_0`1.<<OrCanceled>g__WaitAsync|0>d.MoveNext()
--- End of stack trace from previous location ---
   at MassTransit.Internals.TaskExtensions.<>c__DisplayClass2_0`1.<<OrCanceled>g__WaitAsync|0>d.MoveNext() in /_/src/MassTransit.Abstractions/Internals/Extensions/TaskExtensions.cs:line 72
--- End of stack trace from previous location ---
   at MassTransit.RabbitMqTransport.ConnectionContextFactory.CreateSharedConnection(Task`1 context, CancellationToken cancellationToken) in /_/src/Transports/MassTransit.RabbitMqTransport/RabbitMqTransport/ConnectionContextFactory.cs:line 73
   at MassTransit.Agents.PipeContextSupervisor`1.Send(IPipe`1 pipe, CancellationToken cancellationToken) in /_/src/MassTransit/Agents/PipeContextSupervisor.cs:line 51
   at MassTransit.Agents.PipeContextSupervisor`1.Send(IPipe`1 pipe, CancellationToken cancellationToken) in /_/src/MassTransit/Agents/PipeContextSupervisor.cs:line 61
   at MassTransit.Agents.PipeContextSupervisor`1.Send(IPipe`1 pipe, CancellationToken cancellationToken) in /_/src/MassTransit/Agents/PipeContextSupervisor.cs:line 67
   at MassTransit.SupervisorExtensions.<>c__DisplayClass5_0`2.<<CreateAgent>g__HandleSupervisorTask|0>d.MoveNext() in /_/src/MassTransit/SupervisorExtensions.cs:line 139
--- End of stack trace from previous location ---
   at MassTransit.SupervisorExtensions.CreateAgent[T,TAgent](ISupervisor`1 supervisor, IAsyncPipeContextAgent`1 asyncContext, Func`3 agentFactory, CancellationToken cancellationToken) in /_/src/MassTransit/SupervisorExtensions.cs:line 158
   at MassTransit.Agents.PipeContextSupervisor`1.Send(IPipe`1 pipe, CancellationToken cancellationToken) in /_/src/MassTransit/Agents/PipeContextSupervisor.cs:line 61
   at MassTransit.Agents.PipeContextSupervisor`1.Send(IPipe`1 pipe, CancellationToken cancellationToken) in /_/src/MassTransit/Agents/PipeContextSupervisor.cs:line 67
   at MassTransit.Transports.TransportStartExtensions.OnTransportStartup[T](ReceiveEndpointContext context, ITransportSupervisor`1 supervisor, CancellationToken cancellationToken) in /_/src/MassTransit/Transports/TransportStartExtensions.cs:line 19
   at MassTransit.Agents.PipeContextSupervisor`1.Send(IPipe`1 pipe, CancellationToken cancellationToken) in /_/src/MassTransit/Agents/PipeContextSupervisor.cs:line 67
   at MassTransit.SupervisorExtensions.<>c__DisplayClass5_0`2.<<CreateAgent>g__HandleSupervisorTask|0>d.MoveNext() in /_/src/MassTransit/SupervisorExtensions.cs:line 139
--- End of stack trace from previous location ---
   at MassTransit.Internals.TaskExtensions.<>c__DisplayClass2_0`1.<<OrCanceled>g__WaitAsync|0>d.MoveNext()
--- End of stack trace from previous location ---
   at MassTransit.Internals.TaskExtensions.<>c__DisplayClass2_0`1.<<OrCanceled>g__WaitAsync|0>d.MoveNext() in /_/src/MassTransit.Abstractions/Internals/Extensions/TaskExtensions.cs:line 72
--- End of stack trace from previous location ---
   at MassTransit.RabbitMqTransport.ChannelContextFactory.CreateSharedChannel(Task`1 context, CancellationToken cancellationToken) in /_/src/Transports/MassTransit.RabbitMqTransport/RabbitMqTransport/ChannelContextFactory.cs:line 76
   at MassTransit.Agents.PipeContextSupervisor`1.Send(IPipe`1 pipe, CancellationToken cancellationToken) in /_/src/MassTransit/Agents/PipeContextSupervisor.cs:line 51
   at MassTransit.Agents.PipeContextSupervisor`1.Send(IPipe`1 pipe, CancellationToken cancellationToken) in /_/src/MassTransit/Agents/PipeContextSupervisor.cs:line 61
   at MassTransit.Agents.PipeContextSupervisor`1.Send(IPipe`1 pipe, CancellationToken cancellationToken) in /_/src/MassTransit/Agents/PipeContextSupervisor.cs:line 67
   at MassTransit.Transports.ReceiveTransport`1.ReceiveTransportAgent.RunTransport() in /_/src/MassTransit/Transports/ReceiveTransport.cs:line 205
   at MassTransit.Transports.ReceiveTransport`1.ReceiveTransportAgent.RunTransport() in /_/src/MassTransit/Transports/ReceiveTransport.cs:line 210
   at MassTransit.Transports.ReceiveTransport`1.ReceiveTransportAgent.RunTransport() in /_/src/MassTransit/Transports/ReceiveTransport.cs:line 210
   at MassTransit.Transports.ReceiveTransport`1.ReceiveTransportAgent.Run() in /_/src/MassTransit/Transports/ReceiveTransport.cs:line 145
   at MassTransit.Transports.ReceiveTransport`1.ReceiveTransportAgent.Run() in /_/src/MassTransit/Transports/ReceiveTransport.cs:line 145
2026-09-21 00:38:51.320 +03:00 [WRN] [33] MassTransit: Connection Failed: "rabbitmq://localhost/"
RabbitMQ.Client.Exceptions.BrokerUnreachableException: None of the specified endpoints were reachable
 ---> System.AggregateException: One or more errors occurred. (Connection failed, host 127.0.0.1:5672)
 ---> RabbitMQ.Client.Exceptions.ConnectFailureException: Connection failed, host 127.0.0.1:5672
 ---> System.Net.Sockets.SocketException (10061): No connection could be made because the target machine actively refused it.
   at System.Net.Sockets.Socket.AwaitableSocketAsyncEventArgs.ThrowException(SocketError error, CancellationToken cancellationToken)
   at System.Net.Sockets.Socket.AwaitableSocketAsyncEventArgs.System.Threading.Tasks.Sources.IValueTaskSource.GetResult(Int16 token)
   at System.Net.Sockets.Socket.<ConnectAsync>g__WaitForConnectWithCancellation|285_0(AwaitableSocketAsyncEventArgs saea, ValueTask connectTask, CancellationToken cancellationToken)
   at RabbitMQ.Client.Impl.SocketFactory.ConnectUsingAddressFamilyAsync(IPEndPoint endpoint, Func`2 socketFactory, AddressFamily family, TimeSpan connectionTimeout, CancellationToken cancellationToken)
   --- End of inner exception stack trace ---
   at RabbitMQ.Client.Impl.SocketFactory.ConnectUsingAddressFamilyAsync(IPEndPoint endpoint, Func`2 socketFactory, AddressFamily family, TimeSpan connectionTimeout, CancellationToken cancellationToken)
   at RabbitMQ.Client.Impl.SocketFactory.OpenAsync(AmqpTcpEndpoint amqpTcpEndpoint, Func`2 socketFactory, TimeSpan connectionTimeout, CancellationToken cancellationToken)
   at RabbitMQ.Client.Impl.SocketFrameHandler.CreateAsync(AmqpTcpEndpoint amqpTcpEndpoint, Func`2 socketFactory, TimeSpan connectionTimeout, CancellationToken cancellationToken)
   at RabbitMQ.Client.ConnectionFactory.CreateFrameHandlerAsync(AmqpTcpEndpoint endpoint, CancellationToken cancellationToken)
   at RabbitMQ.Client.EndpointResolverExtensions.SelectOneAsync[T](IEndpointResolver resolver, Func`3 selector, CancellationToken cancellationToken)
   --- End of inner exception stack trace ---
   at RabbitMQ.Client.EndpointResolverExtensions.SelectOneAsync[T](IEndpointResolver resolver, Func`3 selector, CancellationToken cancellationToken)
   at RabbitMQ.Client.ConnectionFactory.CreateConnectionAsync(IEndpointResolver endpointResolver, String clientProvidedName, CancellationToken cancellationToken)
   --- End of inner exception stack trace ---
   at RabbitMQ.Client.ConnectionFactory.CreateConnectionAsync(IEndpointResolver endpointResolver, String clientProvidedName, CancellationToken cancellationToken)
   at MassTransit.RabbitMqTransport.ConnectionContextFactory.CreateConnection(ISupervisor supervisor) in /_/src/Transports/MassTransit.RabbitMqTransport/RabbitMqTransport/ConnectionContextFactory.cs:line 101
2026-09-21 00:38:52.332 +03:00 [INF] [33] MassTransit: Retrying "00:00:30": Broker unreachable: guest@localhost:5672/
MassTransit.RabbitMqConnectionException: Broker unreachable: guest@localhost:5672/
 ---> RabbitMQ.Client.Exceptions.BrokerUnreachableException: None of the specified endpoints were reachable
 ---> System.AggregateException: One or more errors occurred. (Connection failed, host 127.0.0.1:5672)
 ---> RabbitMQ.Client.Exceptions.ConnectFailureException: Connection failed, host 127.0.0.1:5672
 ---> System.Net.Sockets.SocketException (10061): No connection could be made because the target machine actively refused it.
   at System.Net.Sockets.Socket.AwaitableSocketAsyncEventArgs.ThrowException(SocketError error, CancellationToken cancellationToken)
   at System.Net.Sockets.Socket.AwaitableSocketAsyncEventArgs.System.Threading.Tasks.Sources.IValueTaskSource.GetResult(Int16 token)
   at System.Net.Sockets.Socket.<ConnectAsync>g__WaitForConnectWithCancellation|285_0(AwaitableSocketAsyncEventArgs saea, ValueTask connectTask, CancellationToken cancellationToken)
   at RabbitMQ.Client.Impl.SocketFactory.ConnectUsingAddressFamilyAsync(IPEndPoint endpoint, Func`2 socketFactory, AddressFamily family, TimeSpan connectionTimeout, CancellationToken cancellationToken)
   --- End of inner exception stack trace ---
   at RabbitMQ.Client.Impl.SocketFactory.ConnectUsingAddressFamilyAsync(IPEndPoint endpoint, Func`2 socketFactory, AddressFamily family, TimeSpan connectionTimeout, CancellationToken cancellationToken)
   at RabbitMQ.Client.Impl.SocketFactory.OpenAsync(AmqpTcpEndpoint amqpTcpEndpoint, Func`2 socketFactory, TimeSpan connectionTimeout, CancellationToken cancellationToken)
   at RabbitMQ.Client.Impl.SocketFrameHandler.CreateAsync(AmqpTcpEndpoint amqpTcpEndpoint, Func`2 socketFactory, TimeSpan connectionTimeout, CancellationToken cancellationToken)
   at RabbitMQ.Client.ConnectionFactory.CreateFrameHandlerAsync(AmqpTcpEndpoint endpoint, CancellationToken cancellationToken)
   at RabbitMQ.Client.EndpointResolverExtensions.SelectOneAsync[T](IEndpointResolver resolver, Func`3 selector, CancellationToken cancellationToken)
   --- End of inner exception stack trace ---
   at RabbitMQ.Client.EndpointResolverExtensions.SelectOneAsync[T](IEndpointResolver resolver, Func`3 selector, CancellationToken cancellationToken)
   at RabbitMQ.Client.ConnectionFactory.CreateConnectionAsync(IEndpointResolver endpointResolver, String clientProvidedName, CancellationToken cancellationToken)
   --- End of inner exception stack trace ---
   at RabbitMQ.Client.ConnectionFactory.CreateConnectionAsync(IEndpointResolver endpointResolver, String clientProvidedName, CancellationToken cancellationToken)
   at MassTransit.RabbitMqTransport.ConnectionContextFactory.CreateConnection(ISupervisor supervisor) in /_/src/Transports/MassTransit.RabbitMqTransport/RabbitMqTransport/ConnectionContextFactory.cs:line 101
   --- End of inner exception stack trace ---
   at MassTransit.RabbitMqTransport.ConnectionContextFactory.CreateConnection(ISupervisor supervisor) in /_/src/Transports/MassTransit.RabbitMqTransport/RabbitMqTransport/ConnectionContextFactory.cs:line 128
   at MassTransit.Internals.TaskExtensions.<>c__DisplayClass2_0`1.<<OrCanceled>g__WaitAsync|0>d.MoveNext()
--- End of stack trace from previous location ---
   at MassTransit.Internals.TaskExtensions.<>c__DisplayClass2_0`1.<<OrCanceled>g__WaitAsync|0>d.MoveNext() in /_/src/MassTransit.Abstractions/Internals/Extensions/TaskExtensions.cs:line 72
--- End of stack trace from previous location ---
   at MassTransit.RabbitMqTransport.ConnectionContextFactory.CreateSharedConnection(Task`1 context, CancellationToken cancellationToken) in /_/src/Transports/MassTransit.RabbitMqTransport/RabbitMqTransport/ConnectionContextFactory.cs:line 73
   at MassTransit.Agents.PipeContextSupervisor`1.Send(IPipe`1 pipe, CancellationToken cancellationToken) in /_/src/MassTransit/Agents/PipeContextSupervisor.cs:line 51
   at MassTransit.Agents.PipeContextSupervisor`1.Send(IPipe`1 pipe, CancellationToken cancellationToken) in /_/src/MassTransit/Agents/PipeContextSupervisor.cs:line 61
   at MassTransit.Agents.PipeContextSupervisor`1.Send(IPipe`1 pipe, CancellationToken cancellationToken) in /_/src/MassTransit/Agents/PipeContextSupervisor.cs:line 67
   at MassTransit.SupervisorExtensions.<>c__DisplayClass5_0`2.<<CreateAgent>g__HandleSupervisorTask|0>d.MoveNext() in /_/src/MassTransit/SupervisorExtensions.cs:line 139
--- End of stack trace from previous location ---
   at MassTransit.SupervisorExtensions.CreateAgent[T,TAgent](ISupervisor`1 supervisor, IAsyncPipeContextAgent`1 asyncContext, Func`3 agentFactory, CancellationToken cancellationToken) in /_/src/MassTransit/SupervisorExtensions.cs:line 158
   at MassTransit.Agents.PipeContextSupervisor`1.Send(IPipe`1 pipe, CancellationToken cancellationToken) in /_/src/MassTransit/Agents/PipeContextSupervisor.cs:line 61
   at MassTransit.Agents.PipeContextSupervisor`1.Send(IPipe`1 pipe, CancellationToken cancellationToken) in /_/src/MassTransit/Agents/PipeContextSupervisor.cs:line 67
   at MassTransit.Transports.TransportStartExtensions.OnTransportStartup[T](ReceiveEndpointContext context, ITransportSupervisor`1 supervisor, CancellationToken cancellationToken) in /_/src/MassTransit/Transports/TransportStartExtensions.cs:line 19
   at MassTransit.Agents.PipeContextSupervisor`1.Send(IPipe`1 pipe, CancellationToken cancellationToken) in /_/src/MassTransit/Agents/PipeContextSupervisor.cs:line 67
   at MassTransit.SupervisorExtensions.<>c__DisplayClass5_0`2.<<CreateAgent>g__HandleSupervisorTask|0>d.MoveNext() in /_/src/MassTransit/SupervisorExtensions.cs:line 139
--- End of stack trace from previous location ---
   at MassTransit.Internals.TaskExtensions.<>c__DisplayClass2_0`1.<<OrCanceled>g__WaitAsync|0>d.MoveNext()
--- End of stack trace from previous location ---
   at MassTransit.Internals.TaskExtensions.<>c__DisplayClass2_0`1.<<OrCanceled>g__WaitAsync|0>d.MoveNext() in /_/src/MassTransit.Abstractions/Internals/Extensions/TaskExtensions.cs:line 72
--- End of stack trace from previous location ---
   at MassTransit.RabbitMqTransport.ChannelContextFactory.CreateSharedChannel(Task`1 context, CancellationToken cancellationToken) in /_/src/Transports/MassTransit.RabbitMqTransport/RabbitMqTransport/ChannelContextFactory.cs:line 76
   at MassTransit.Agents.PipeContextSupervisor`1.Send(IPipe`1 pipe, CancellationToken cancellationToken) in /_/src/MassTransit/Agents/PipeContextSupervisor.cs:line 51
   at MassTransit.Agents.PipeContextSupervisor`1.Send(IPipe`1 pipe, CancellationToken cancellationToken) in /_/src/MassTransit/Agents/PipeContextSupervisor.cs:line 61
   at MassTransit.Agents.PipeContextSupervisor`1.Send(IPipe`1 pipe, CancellationToken cancellationToken) in /_/src/MassTransit/Agents/PipeContextSupervisor.cs:line 67
   at MassTransit.Transports.ReceiveTransport`1.ReceiveTransportAgent.RunTransport() in /_/src/MassTransit/Transports/ReceiveTransport.cs:line 205
   at MassTransit.Transports.ReceiveTransport`1.ReceiveTransportAgent.RunTransport() in /_/src/MassTransit/Transports/ReceiveTransport.cs:line 210
   at MassTransit.Transports.ReceiveTransport`1.ReceiveTransportAgent.RunTransport() in /_/src/MassTransit/Transports/ReceiveTransport.cs:line 210
   at MassTransit.Transports.ReceiveTransport`1.ReceiveTransportAgent.Run() in /_/src/MassTransit/Transports/ReceiveTransport.cs:line 145
   at MassTransit.Transports.ReceiveTransport`1.ReceiveTransportAgent.Run() in /_/src/MassTransit/Transports/ReceiveTransport.cs:line 145
2026-09-21 00:38:52.332 +03:00 [INF] [31] MassTransit: Retrying "00:00:30": Broker unreachable: guest@localhost:5672/
MassTransit.RabbitMqConnectionException: Broker unreachable: guest@localhost:5672/
 ---> RabbitMQ.Client.Exceptions.BrokerUnreachableException: None of the specified endpoints were reachable
 ---> System.AggregateException: One or more errors occurred. (Connection failed, host 127.0.0.1:5672)
 ---> RabbitMQ.Client.Exceptions.ConnectFailureException: Connection failed, host 127.0.0.1:5672
 ---> System.Net.Sockets.SocketException (10061): No connection could be made because the target machine actively refused it.
   at System.Net.Sockets.Socket.AwaitableSocketAsyncEventArgs.ThrowException(SocketError error, CancellationToken cancellationToken)
   at System.Net.Sockets.Socket.AwaitableSocketAsyncEventArgs.System.Threading.Tasks.Sources.IValueTaskSource.GetResult(Int16 token)
   at System.Net.Sockets.Socket.<ConnectAsync>g__WaitForConnectWithCancellation|285_0(AwaitableSocketAsyncEventArgs saea, ValueTask connectTask, CancellationToken cancellationToken)
   at RabbitMQ.Client.Impl.SocketFactory.ConnectUsingAddressFamilyAsync(IPEndPoint endpoint, Func`2 socketFactory, AddressFamily family, TimeSpan connectionTimeout, CancellationToken cancellationToken)
   --- End of inner exception stack trace ---
   at RabbitMQ.Client.Impl.SocketFactory.ConnectUsingAddressFamilyAsync(IPEndPoint endpoint, Func`2 socketFactory, AddressFamily family, TimeSpan connectionTimeout, CancellationToken cancellationToken)
   at RabbitMQ.Client.Impl.SocketFactory.OpenAsync(AmqpTcpEndpoint amqpTcpEndpoint, Func`2 socketFactory, TimeSpan connectionTimeout, CancellationToken cancellationToken)
   at RabbitMQ.Client.Impl.SocketFrameHandler.CreateAsync(AmqpTcpEndpoint amqpTcpEndpoint, Func`2 socketFactory, TimeSpan connectionTimeout, CancellationToken cancellationToken)
   at RabbitMQ.Client.ConnectionFactory.CreateFrameHandlerAsync(AmqpTcpEndpoint endpoint, CancellationToken cancellationToken)
   at RabbitMQ.Client.EndpointResolverExtensions.SelectOneAsync[T](IEndpointResolver resolver, Func`3 selector, CancellationToken cancellationToken)
   --- End of inner exception stack trace ---
   at RabbitMQ.Client.EndpointResolverExtensions.SelectOneAsync[T](IEndpointResolver resolver, Func`3 selector, CancellationToken cancellationToken)
   at RabbitMQ.Client.ConnectionFactory.CreateConnectionAsync(IEndpointResolver endpointResolver, String clientProvidedName, CancellationToken cancellationToken)
   --- End of inner exception stack trace ---
   at RabbitMQ.Client.ConnectionFactory.CreateConnectionAsync(IEndpointResolver endpointResolver, String clientProvidedName, CancellationToken cancellationToken)
   at MassTransit.RabbitMqTransport.ConnectionContextFactory.CreateConnection(ISupervisor supervisor) in /_/src/Transports/MassTransit.RabbitMqTransport/RabbitMqTransport/ConnectionContextFactory.cs:line 101
   --- End of inner exception stack trace ---
   at MassTransit.RabbitMqTransport.ConnectionContextFactory.CreateConnection(ISupervisor supervisor) in /_/src/Transports/MassTransit.RabbitMqTransport/RabbitMqTransport/ConnectionContextFactory.cs:line 128
   at MassTransit.Internals.TaskExtensions.<>c__DisplayClass2_0`1.<<OrCanceled>g__WaitAsync|0>d.MoveNext()
--- End of stack trace from previous location ---
   at MassTransit.Internals.TaskExtensions.<>c__DisplayClass2_0`1.<<OrCanceled>g__WaitAsync|0>d.MoveNext() in /_/src/MassTransit.Abstractions/Internals/Extensions/TaskExtensions.cs:line 72
--- End of stack trace from previous location ---
   at MassTransit.RabbitMqTransport.ConnectionContextFactory.CreateSharedConnection(Task`1 context, CancellationToken cancellationToken) in /_/src/Transports/MassTransit.RabbitMqTransport/RabbitMqTransport/ConnectionContextFactory.cs:line 73
   at MassTransit.Agents.PipeContextSupervisor`1.Send(IPipe`1 pipe, CancellationToken cancellationToken) in /_/src/MassTransit/Agents/PipeContextSupervisor.cs:line 51
   at MassTransit.Agents.PipeContextSupervisor`1.Send(IPipe`1 pipe, CancellationToken cancellationToken) in /_/src/MassTransit/Agents/PipeContextSupervisor.cs:line 61
   at MassTransit.Agents.PipeContextSupervisor`1.Send(IPipe`1 pipe, CancellationToken cancellationToken) in /_/src/MassTransit/Agents/PipeContextSupervisor.cs:line 67
   at MassTransit.SupervisorExtensions.<>c__DisplayClass5_0`2.<<CreateAgent>g__HandleSupervisorTask|0>d.MoveNext() in /_/src/MassTransit/SupervisorExtensions.cs:line 139
--- End of stack trace from previous location ---
   at MassTransit.SupervisorExtensions.CreateAgent[T,TAgent](ISupervisor`1 supervisor, IAsyncPipeContextAgent`1 asyncContext, Func`3 agentFactory, CancellationToken cancellationToken) in /_/src/MassTransit/SupervisorExtensions.cs:line 158
   at MassTransit.Agents.PipeContextSupervisor`1.Send(IPipe`1 pipe, CancellationToken cancellationToken) in /_/src/MassTransit/Agents/PipeContextSupervisor.cs:line 61
   at MassTransit.Agents.PipeContextSupervisor`1.Send(IPipe`1 pipe, CancellationToken cancellationToken) in /_/src/MassTransit/Agents/PipeContextSupervisor.cs:line 67
   at MassTransit.Transports.TransportStartExtensions.OnTransportStartup[T](ReceiveEndpointContext context, ITransportSupervisor`1 supervisor, CancellationToken cancellationToken) in /_/src/MassTransit/Transports/TransportStartExtensions.cs:line 19
   at MassTransit.Agents.PipeContextSupervisor`1.Send(IPipe`1 pipe, CancellationToken cancellationToken) in /_/src/MassTransit/Agents/PipeContextSupervisor.cs:line 67
   at MassTransit.SupervisorExtensions.<>c__DisplayClass5_0`2.<<CreateAgent>g__HandleSupervisorTask|0>d.MoveNext() in /_/src/MassTransit/SupervisorExtensions.cs:line 139
--- End of stack trace from previous location ---
   at MassTransit.Internals.TaskExtensions.<>c__DisplayClass2_0`1.<<OrCanceled>g__WaitAsync|0>d.MoveNext()
--- End of stack trace from previous location ---
   at MassTransit.Internals.TaskExtensions.<>c__DisplayClass2_0`1.<<OrCanceled>g__WaitAsync|0>d.MoveNext() in /_/src/MassTransit.Abstractions/Internals/Extensions/TaskExtensions.cs:line 72
--- End of stack trace from previous location ---
   at MassTransit.RabbitMqTransport.ChannelContextFactory.CreateSharedChannel(Task`1 context, CancellationToken cancellationToken) in /_/src/Transports/MassTransit.RabbitMqTransport/RabbitMqTransport/ChannelContextFactory.cs:line 76
   at MassTransit.Agents.PipeContextSupervisor`1.Send(IPipe`1 pipe, CancellationToken cancellationToken) in /_/src/MassTransit/Agents/PipeContextSupervisor.cs:line 51
   at MassTransit.Agents.PipeContextSupervisor`1.Send(IPipe`1 pipe, CancellationToken cancellationToken) in /_/src/MassTransit/Agents/PipeContextSupervisor.cs:line 61
   at MassTransit.Agents.PipeContextSupervisor`1.Send(IPipe`1 pipe, CancellationToken cancellationToken) in /_/src/MassTransit/Agents/PipeContextSupervisor.cs:line 67
   at MassTransit.Transports.ReceiveTransport`1.ReceiveTransportAgent.RunTransport() in /_/src/MassTransit/Transports/ReceiveTransport.cs:line 205
   at MassTransit.Transports.ReceiveTransport`1.ReceiveTransportAgent.RunTransport() in /_/src/MassTransit/Transports/ReceiveTransport.cs:line 210
   at MassTransit.Transports.ReceiveTransport`1.ReceiveTransportAgent.RunTransport() in /_/src/MassTransit/Transports/ReceiveTransport.cs:line 210
   at MassTransit.Transports.ReceiveTransport`1.ReceiveTransportAgent.Run() in /_/src/MassTransit/Transports/ReceiveTransport.cs:line 145
   at MassTransit.Transports.ReceiveTransport`1.ReceiveTransportAgent.Run() in /_/src/MassTransit/Transports/ReceiveTransport.cs:line 145
2026-09-21 00:39:13.016 +03:00 [INF] [31] JobRadar.Workers.Ingestion.IngestionDispatcherJob: Running IngestionDispatcherJob...
2026-09-21 00:39:13.162 +03:00 [INF] [31] JobRadar.Workers.Ingestion.IngestionDispatcherJob: Found 0 sources to fetch out of 0 active sources.
2026-09-21 00:39:27.006 +03:00 [WRN] [33] MassTransit: Connection Failed: "rabbitmq://localhost/"
RabbitMQ.Client.Exceptions.BrokerUnreachableException: None of the specified endpoints were reachable
 ---> System.AggregateException: One or more errors occurred. (Connection failed, host 127.0.0.1:5672)
 ---> RabbitMQ.Client.Exceptions.ConnectFailureException: Connection failed, host 127.0.0.1:5672
 ---> System.Net.Sockets.SocketException (10061): No connection could be made because the target machine actively refused it.
   at System.Net.Sockets.Socket.AwaitableSocketAsyncEventArgs.ThrowException(SocketError error, CancellationToken cancellationToken)
   at System.Net.Sockets.Socket.AwaitableSocketAsyncEventArgs.System.Threading.Tasks.Sources.IValueTaskSource.GetResult(Int16 token)
   at System.Net.Sockets.Socket.<ConnectAsync>g__WaitForConnectWithCancellation|285_0(AwaitableSocketAsyncEventArgs saea, ValueTask connectTask, CancellationToken cancellationToken)
   at RabbitMQ.Client.Impl.SocketFactory.ConnectUsingAddressFamilyAsync(IPEndPoint endpoint, Func`2 socketFactory, AddressFamily family, TimeSpan connectionTimeout, CancellationToken cancellationToken)
   --- End of inner exception stack trace ---
   at RabbitMQ.Client.Impl.SocketFactory.ConnectUsingAddressFamilyAsync(IPEndPoint endpoint, Func`2 socketFactory, AddressFamily family, TimeSpan connectionTimeout, CancellationToken cancellationToken)
   at RabbitMQ.Client.Impl.SocketFactory.OpenAsync(AmqpTcpEndpoint amqpTcpEndpoint, Func`2 socketFactory, TimeSpan connectionTimeout, CancellationToken cancellationToken)
   at RabbitMQ.Client.Impl.SocketFrameHandler.CreateAsync(AmqpTcpEndpoint amqpTcpEndpoint, Func`2 socketFactory, TimeSpan connectionTimeout, CancellationToken cancellationToken)
   at RabbitMQ.Client.ConnectionFactory.CreateFrameHandlerAsync(AmqpTcpEndpoint endpoint, CancellationToken cancellationToken)
   at RabbitMQ.Client.EndpointResolverExtensions.SelectOneAsync[T](IEndpointResolver resolver, Func`3 selector, CancellationToken cancellationToken)
   --- End of inner exception stack trace ---
   at RabbitMQ.Client.EndpointResolverExtensions.SelectOneAsync[T](IEndpointResolver resolver, Func`3 selector, CancellationToken cancellationToken)
   at RabbitMQ.Client.ConnectionFactory.CreateConnectionAsync(IEndpointResolver endpointResolver, String clientProvidedName, CancellationToken cancellationToken)
   --- End of inner exception stack trace ---
   at RabbitMQ.Client.ConnectionFactory.CreateConnectionAsync(IEndpointResolver endpointResolver, String clientProvidedName, CancellationToken cancellationToken)
   at MassTransit.RabbitMqTransport.ConnectionContextFactory.CreateConnection(ISupervisor supervisor) in /_/src/Transports/MassTransit.RabbitMqTransport/RabbitMqTransport/ConnectionContextFactory.cs:line 101
2026-09-21 00:39:28.014 +03:00 [INF] [10] MassTransit: Retrying "00:00:30": Broker unreachable: guest@localhost:5672/
MassTransit.RabbitMqConnectionException: Broker unreachable: guest@localhost:5672/
 ---> RabbitMQ.Client.Exceptions.BrokerUnreachableException: None of the specified endpoints were reachable
 ---> System.AggregateException: One or more errors occurred. (Connection failed, host 127.0.0.1:5672)
 ---> RabbitMQ.Client.Exceptions.ConnectFailureException: Connection failed, host 127.0.0.1:5672
 ---> System.Net.Sockets.SocketException (10061): No connection could be made because the target machine actively refused it.
   at System.Net.Sockets.Socket.AwaitableSocketAsyncEventArgs.ThrowException(SocketError error, CancellationToken cancellationToken)
   at System.Net.Sockets.Socket.AwaitableSocketAsyncEventArgs.System.Threading.Tasks.Sources.IValueTaskSource.GetResult(Int16 token)
   at System.Net.Sockets.Socket.<ConnectAsync>g__WaitForConnectWithCancellation|285_0(AwaitableSocketAsyncEventArgs saea, ValueTask connectTask, CancellationToken cancellationToken)
   at RabbitMQ.Client.Impl.SocketFactory.ConnectUsingAddressFamilyAsync(IPEndPoint endpoint, Func`2 socketFactory, AddressFamily family, TimeSpan connectionTimeout, CancellationToken cancellationToken)
   --- End of inner exception stack trace ---
   at RabbitMQ.Client.Impl.SocketFactory.ConnectUsingAddressFamilyAsync(IPEndPoint endpoint, Func`2 socketFactory, AddressFamily family, TimeSpan connectionTimeout, CancellationToken cancellationToken)
   at RabbitMQ.Client.Impl.SocketFactory.OpenAsync(AmqpTcpEndpoint amqpTcpEndpoint, Func`2 socketFactory, TimeSpan connectionTimeout, CancellationToken cancellationToken)
   at RabbitMQ.Client.Impl.SocketFrameHandler.CreateAsync(AmqpTcpEndpoint amqpTcpEndpoint, Func`2 socketFactory, TimeSpan connectionTimeout, CancellationToken cancellationToken)
   at RabbitMQ.Client.ConnectionFactory.CreateFrameHandlerAsync(AmqpTcpEndpoint endpoint, CancellationToken cancellationToken)
   at RabbitMQ.Client.EndpointResolverExtensions.SelectOneAsync[T](IEndpointResolver resolver, Func`3 selector, CancellationToken cancellationToken)
   --- End of inner exception stack trace ---
   at RabbitMQ.Client.EndpointResolverExtensions.SelectOneAsync[T](IEndpointResolver resolver, Func`3 selector, CancellationToken cancellationToken)
   at RabbitMQ.Client.ConnectionFactory.CreateConnectionAsync(IEndpointResolver endpointResolver, String clientProvidedName, CancellationToken cancellationToken)
   --- End of inner exception stack trace ---
   at RabbitMQ.Client.ConnectionFactory.CreateConnectionAsync(IEndpointResolver endpointResolver, String clientProvidedName, CancellationToken cancellationToken)
   at MassTransit.RabbitMqTransport.ConnectionContextFactory.CreateConnection(ISupervisor supervisor) in /_/src/Transports/MassTransit.RabbitMqTransport/RabbitMqTransport/ConnectionContextFactory.cs:line 101
   --- End of inner exception stack trace ---
   at MassTransit.RabbitMqTransport.ConnectionContextFactory.CreateConnection(ISupervisor supervisor) in /_/src/Transports/MassTransit.RabbitMqTransport/RabbitMqTransport/ConnectionContextFactory.cs:line 128
   at MassTransit.Internals.TaskExtensions.<>c__DisplayClass2_0`1.<<OrCanceled>g__WaitAsync|0>d.MoveNext()
--- End of stack trace from previous location ---
   at MassTransit.Internals.TaskExtensions.<>c__DisplayClass2_0`1.<<OrCanceled>g__WaitAsync|0>d.MoveNext() in /_/src/MassTransit.Abstractions/Internals/Extensions/TaskExtensions.cs:line 72
--- End of stack trace from previous location ---
   at MassTransit.RabbitMqTransport.ConnectionContextFactory.CreateSharedConnection(Task`1 context, CancellationToken cancellationToken) in /_/src/Transports/MassTransit.RabbitMqTransport/RabbitMqTransport/ConnectionContextFactory.cs:line 73
   at MassTransit.Agents.PipeContextSupervisor`1.Send(IPipe`1 pipe, CancellationToken cancellationToken) in /_/src/MassTransit/Agents/PipeContextSupervisor.cs:line 51
   at MassTransit.Agents.PipeContextSupervisor`1.Send(IPipe`1 pipe, CancellationToken cancellationToken) in /_/src/MassTransit/Agents/PipeContextSupervisor.cs:line 61
   at MassTransit.Agents.PipeContextSupervisor`1.Send(IPipe`1 pipe, CancellationToken cancellationToken) in /_/src/MassTransit/Agents/PipeContextSupervisor.cs:line 67
   at MassTransit.SupervisorExtensions.<>c__DisplayClass5_0`2.<<CreateAgent>g__HandleSupervisorTask|0>d.MoveNext() in /_/src/MassTransit/SupervisorExtensions.cs:line 139
--- End of stack trace from previous location ---
   at MassTransit.SupervisorExtensions.CreateAgent[T,TAgent](ISupervisor`1 supervisor, IAsyncPipeContextAgent`1 asyncContext, Func`3 agentFactory, CancellationToken cancellationToken) in /_/src/MassTransit/SupervisorExtensions.cs:line 158
   at MassTransit.Agents.PipeContextSupervisor`1.Send(IPipe`1 pipe, CancellationToken cancellationToken) in /_/src/MassTransit/Agents/PipeContextSupervisor.cs:line 61
   at MassTransit.Agents.PipeContextSupervisor`1.Send(IPipe`1 pipe, CancellationToken cancellationToken) in /_/src/MassTransit/Agents/PipeContextSupervisor.cs:line 67
   at MassTransit.Transports.TransportStartExtensions.OnTransportStartup[T](ReceiveEndpointContext context, ITransportSupervisor`1 supervisor, CancellationToken cancellationToken) in /_/src/MassTransit/Transports/TransportStartExtensions.cs:line 19
   at MassTransit.Agents.PipeContextSupervisor`1.Send(IPipe`1 pipe, CancellationToken cancellationToken) in /_/src/MassTransit/Agents/PipeContextSupervisor.cs:line 67
   at MassTransit.SupervisorExtensions.<>c__DisplayClass5_0`2.<<CreateAgent>g__HandleSupervisorTask|0>d.MoveNext() in /_/src/MassTransit/SupervisorExtensions.cs:line 139
--- End of stack trace from previous location ---
   at MassTransit.Internals.TaskExtensions.<>c__DisplayClass2_0`1.<<OrCanceled>g__WaitAsync|0>d.MoveNext()
--- End of stack trace from previous location ---
   at MassTransit.Internals.TaskExtensions.<>c__DisplayClass2_0`1.<<OrCanceled>g__WaitAsync|0>d.MoveNext() in /_/src/MassTransit.Abstractions/Internals/Extensions/TaskExtensions.cs:line 72
--- End of stack trace from previous location ---
   at MassTransit.RabbitMqTransport.ChannelContextFactory.CreateSharedChannel(Task`1 context, CancellationToken cancellationToken) in /_/src/Transports/MassTransit.RabbitMqTransport/RabbitMqTransport/ChannelContextFactory.cs:line 76
   at MassTransit.Agents.PipeContextSupervisor`1.Send(IPipe`1 pipe, CancellationToken cancellationToken) in /_/src/MassTransit/Agents/PipeContextSupervisor.cs:line 51
   at MassTransit.Agents.PipeContextSupervisor`1.Send(IPipe`1 pipe, CancellationToken cancellationToken) in /_/src/MassTransit/Agents/PipeContextSupervisor.cs:line 61
   at MassTransit.Agents.PipeContextSupervisor`1.Send(IPipe`1 pipe, CancellationToken cancellationToken) in /_/src/MassTransit/Agents/PipeContextSupervisor.cs:line 67
   at MassTransit.Transports.ReceiveTransport`1.ReceiveTransportAgent.RunTransport() in /_/src/MassTransit/Transports/ReceiveTransport.cs:line 205
   at MassTransit.Transports.ReceiveTransport`1.ReceiveTransportAgent.RunTransport() in /_/src/MassTransit/Transports/ReceiveTransport.cs:line 210
   at MassTransit.Transports.ReceiveTransport`1.ReceiveTransportAgent.RunTransport() in /_/src/MassTransit/Transports/ReceiveTransport.cs:line 210
   at MassTransit.Transports.ReceiveTransport`1.ReceiveTransportAgent.Run() in /_/src/MassTransit/Transports/ReceiveTransport.cs:line 145
   at MassTransit.Transports.ReceiveTransport`1.ReceiveTransportAgent.Run() in /_/src/MassTransit/Transports/ReceiveTransport.cs:line 145
2026-09-21 00:39:28.014 +03:00 [INF] [33] MassTransit: Retrying "00:00:30": Broker unreachable: guest@localhost:5672/
MassTransit.RabbitMqConnectionException: Broker unreachable: guest@localhost:5672/
 ---> RabbitMQ.Client.Exceptions.BrokerUnreachableException: None of the specified endpoints were reachable
 ---> System.AggregateException: One or more errors occurred. (Connection failed, host 127.0.0.1:5672)
 ---> RabbitMQ.Client.Exceptions.ConnectFailureException: Connection failed, host 127.0.0.1:5672
 ---> System.Net.Sockets.SocketException (10061): No connection could be made because the target machine actively refused it.
   at System.Net.Sockets.Socket.AwaitableSocketAsyncEventArgs.ThrowException(SocketError error, CancellationToken cancellationToken)
   at System.Net.Sockets.Socket.AwaitableSocketAsyncEventArgs.System.Threading.Tasks.Sources.IValueTaskSource.GetResult(Int16 token)
   at System.Net.Sockets.Socket.<ConnectAsync>g__WaitForConnectWithCancellation|285_0(AwaitableSocketAsyncEventArgs saea, ValueTask connectTask, CancellationToken cancellationToken)
   at RabbitMQ.Client.Impl.SocketFactory.ConnectUsingAddressFamilyAsync(IPEndPoint endpoint, Func`2 socketFactory, AddressFamily family, TimeSpan connectionTimeout, CancellationToken cancellationToken)
   --- End of inner exception stack trace ---
   at RabbitMQ.Client.Impl.SocketFactory.ConnectUsingAddressFamilyAsync(IPEndPoint endpoint, Func`2 socketFactory, AddressFamily family, TimeSpan connectionTimeout, CancellationToken cancellationToken)
   at RabbitMQ.Client.Impl.SocketFactory.OpenAsync(AmqpTcpEndpoint amqpTcpEndpoint, Func`2 socketFactory, TimeSpan connectionTimeout, CancellationToken cancellationToken)
   at RabbitMQ.Client.Impl.SocketFrameHandler.CreateAsync(AmqpTcpEndpoint amqpTcpEndpoint, Func`2 socketFactory, TimeSpan connectionTimeout, CancellationToken cancellationToken)
   at RabbitMQ.Client.ConnectionFactory.CreateFrameHandlerAsync(AmqpTcpEndpoint endpoint, CancellationToken cancellationToken)
   at RabbitMQ.Client.EndpointResolverExtensions.SelectOneAsync[T](IEndpointResolver resolver, Func`3 selector, CancellationToken cancellationToken)
   --- End of inner exception stack trace ---
   at RabbitMQ.Client.EndpointResolverExtensions.SelectOneAsync[T](IEndpointResolver resolver, Func`3 selector, CancellationToken cancellationToken)
   at RabbitMQ.Client.ConnectionFactory.CreateConnectionAsync(IEndpointResolver endpointResolver, String clientProvidedName, CancellationToken cancellationToken)
   --- End of inner exception stack trace ---
   at RabbitMQ.Client.ConnectionFactory.CreateConnectionAsync(IEndpointResolver endpointResolver, String clientProvidedName, CancellationToken cancellationToken)
   at MassTransit.RabbitMqTransport.ConnectionContextFactory.CreateConnection(ISupervisor supervisor) in /_/src/Transports/MassTransit.RabbitMqTransport/RabbitMqTransport/ConnectionContextFactory.cs:line 101
   --- End of inner exception stack trace ---
   at MassTransit.RabbitMqTransport.ConnectionContextFactory.CreateConnection(ISupervisor supervisor) in /_/src/Transports/MassTransit.RabbitMqTransport/RabbitMqTransport/ConnectionContextFactory.cs:line 128
   at MassTransit.Internals.TaskExtensions.<>c__DisplayClass2_0`1.<<OrCanceled>g__WaitAsync|0>d.MoveNext()
--- End of stack trace from previous location ---
   at MassTransit.Internals.TaskExtensions.<>c__DisplayClass2_0`1.<<OrCanceled>g__WaitAsync|0>d.MoveNext() in /_/src/MassTransit.Abstractions/Internals/Extensions/TaskExtensions.cs:line 72
--- End of stack trace from previous location ---
   at MassTransit.RabbitMqTransport.ConnectionContextFactory.CreateSharedConnection(Task`1 context, CancellationToken cancellationToken) in /_/src/Transports/MassTransit.RabbitMqTransport/RabbitMqTransport/ConnectionContextFactory.cs:line 73
   at MassTransit.Agents.PipeContextSupervisor`1.Send(IPipe`1 pipe, CancellationToken cancellationToken) in /_/src/MassTransit/Agents/PipeContextSupervisor.cs:line 51
   at MassTransit.Agents.PipeContextSupervisor`1.Send(IPipe`1 pipe, CancellationToken cancellationToken) in /_/src/MassTransit/Agents/PipeContextSupervisor.cs:line 61
   at MassTransit.Agents.PipeContextSupervisor`1.Send(IPipe`1 pipe, CancellationToken cancellationToken) in /_/src/MassTransit/Agents/PipeContextSupervisor.cs:line 67
   at MassTransit.SupervisorExtensions.<>c__DisplayClass5_0`2.<<CreateAgent>g__HandleSupervisorTask|0>d.MoveNext() in /_/src/MassTransit/SupervisorExtensions.cs:line 139
--- End of stack trace from previous location ---
   at MassTransit.SupervisorExtensions.CreateAgent[T,TAgent](ISupervisor`1 supervisor, IAsyncPipeContextAgent`1 asyncContext, Func`3 agentFactory, CancellationToken cancellationToken) in /_/src/MassTransit/SupervisorExtensions.cs:line 158
   at MassTransit.Agents.PipeContextSupervisor`1.Send(IPipe`1 pipe, CancellationToken cancellationToken) in /_/src/MassTransit/Agents/PipeContextSupervisor.cs:line 61
   at MassTransit.Agents.PipeContextSupervisor`1.Send(IPipe`1 pipe, CancellationToken cancellationToken) in /_/src/MassTransit/Agents/PipeContextSupervisor.cs:line 67
   at MassTransit.Transports.TransportStartExtensions.OnTransportStartup[T](ReceiveEndpointContext context, ITransportSupervisor`1 supervisor, CancellationToken cancellationToken) in /_/src/MassTransit/Transports/TransportStartExtensions.cs:line 19
   at MassTransit.Agents.PipeContextSupervisor`1.Send(IPipe`1 pipe, CancellationToken cancellationToken) in /_/src/MassTransit/Agents/PipeContextSupervisor.cs:line 67
   at MassTransit.SupervisorExtensions.<>c__DisplayClass5_0`2.<<CreateAgent>g__HandleSupervisorTask|0>d.MoveNext() in /_/src/MassTransit/SupervisorExtensions.cs:line 139
--- End of stack trace from previous location ---
   at MassTransit.Internals.TaskExtensions.<>c__DisplayClass2_0`1.<<OrCanceled>g__WaitAsync|0>d.MoveNext()
--- End of stack trace from previous location ---
   at MassTransit.Internals.TaskExtensions.<>c__DisplayClass2_0`1.<<OrCanceled>g__WaitAsync|0>d.MoveNext() in /_/src/MassTransit.Abstractions/Internals/Extensions/TaskExtensions.cs:line 72
--- End of stack trace from previous location ---
   at MassTransit.RabbitMqTransport.ChannelContextFactory.CreateSharedChannel(Task`1 context, CancellationToken cancellationToken) in /_/src/Transports/MassTransit.RabbitMqTransport/RabbitMqTransport/ChannelContextFactory.cs:line 76
   at MassTransit.Agents.PipeContextSupervisor`1.Send(IPipe`1 pipe, CancellationToken cancellationToken) in /_/src/MassTransit/Agents/PipeContextSupervisor.cs:line 51
   at MassTransit.Agents.PipeContextSupervisor`1.Send(IPipe`1 pipe, CancellationToken cancellationToken) in /_/src/MassTransit/Agents/PipeContextSupervisor.cs:line 61
   at MassTransit.Agents.PipeContextSupervisor`1.Send(IPipe`1 pipe, CancellationToken cancellationToken) in /_/src/MassTransit/Agents/PipeContextSupervisor.cs:line 67
   at MassTransit.Transports.ReceiveTransport`1.ReceiveTransportAgent.RunTransport() in /_/src/MassTransit/Transports/ReceiveTransport.cs:line 205
   at MassTransit.Transports.ReceiveTransport`1.ReceiveTransportAgent.RunTransport() in /_/src/MassTransit/Transports/ReceiveTransport.cs:line 210
   at MassTransit.Transports.ReceiveTransport`1.ReceiveTransportAgent.RunTransport() in /_/src/MassTransit/Transports/ReceiveTransport.cs:line 210
   at MassTransit.Transports.ReceiveTransport`1.ReceiveTransportAgent.Run() in /_/src/MassTransit/Transports/ReceiveTransport.cs:line 145
   at MassTransit.Transports.ReceiveTransport`1.ReceiveTransportAgent.Run() in /_/src/MassTransit/Transports/ReceiveTransport.cs:line 145
